Società,Email,Sito Internet,Sede Legale,Sede Operativa,Settori Attività
"A.B. ENERGIE 
 Società a responsabilita limitata (S.r.l.)
 P.IVA 03308940166
 C.F. CRBMTT70S30A794F
 Anno di costituzione 2006",amministrazione@abenergie.it,www.abenergie.it,"Via via Tasca,
3 - 24122
BERGAMO(Bergamo)","Via via Tasca,
3 - 24122
BERGAMO(Bergamo)","f) acquisto e vendita all'ingrosso dell'energia elettrica
 g) vendita a clienti liberi dell'energia elettrica"
"ACAM CLIENTI S.P.A.
 Società per azioni (S.p.a.)
 P.IVA 01146130115
 C.F. 01146130115
 Anno di costituzione 2002",segreteria.acamclienti@acamclienti.com,www.acamclienti.com,"Via  A. Picco ,
22 - 19124
LA SPEZIA(La Spezia)","Via  A. Picco ,
22 - 19124
LA SPEZIA(La Spezia)","f) acquisto e vendita all'ingrosso dell'energia elettrica
 g) vendita a clienti liberi dell'energia elettrica 
 q) misura del gas naturale
 r) acquisto e vendita all'ingrosso del gas naturale
 s) vendita a clienti finali del gas naturale
 t) distribuzione, misura e vendita di altri gas a mezzo di reti"
"ACEAELECTRABEL ELETTRICITÀ SPA
 Società per azioni (S.p.a.)
 P.IVA 07305361003
 C.F. 07305361003
 Anno di costituzione 2002",ae.elettricita@aceaelectrabel.it,,"P.le Ostiense,
2 - 00154
ROMA(Roma)","Via dell'Arte,
73/77 - 00144
ROMA(Roma)","f) acquisto e vendita all'ingrosso dell'energia elettrica
 g) vendita a clienti liberi dell'energia elettrica 
 h) vendita a clienti tutelati dell'energia elettrica 
 r) acquisto e vendita all'ingrosso del gas naturale
 s) vendita a clienti finali del gas naturale"
"ACEL SERVICE S.R.L.
 Società a responsabilita limitata (S.r.l.)
 P.IVA 02686430139
 C.F. 02686430139
 Anno di costituzione 2002",info@acelservice.it,www.acelservice.it,"Via Via Fiandra,
13 - 23900
LECCO(Lecco)","Via Via Amendola,
4 - 23900
LECCO(Lecco)","g) vendita a clienti liberi dell'energia elettrica 
 s) vendita a clienti finali del gas naturale"
"ACETATI S.P.A.
 Società per azioni (S.p.a.)
 P.IVA 01249600030
 C.F. 01352450066
 Anno di costituzione 1988",,,"Viale AZARI,
110 - 28922
VERBANIA(Verbano-Cusio-Ossola)","Viale AZARI,
110 - 28922
VERBANIA(Verbano-Cusio-Ossola)","a) produzione dell'energia elettrica 
 g) vendita a clienti liberi dell'energia elettrica"
"ACOSET
 Società per azioni (S.p.a.)
 P.IVA 00132380874
 C.F. 00132380874
 Anno di costituzione 2004",presidenza@acoset.com,www.acoset.com,"Viale Mario Rapisardi,
164 - 95123
CATANIA(Catania)","Viale Mario Rapisardi,
164 - 95123
CATANIA(Catania)","g) vendita a clienti liberi dell'energia elettrica 
 r) acquisto e vendita all'ingrosso del gas naturale
 s) vendita a clienti finali del gas naturale"
"A.C.S.M. TRADING SRL UNIPERSONALE
 Società a responsabilita limitata (S.r.l.)
 P.IVA 01900420223
 C.F. 01900420223
 Anno di costituzione 2004",,,"Via ANGELO GUADAGNINI,
31 - 38054
FIERA DI PRIMIERO(Trento)","Via ANGELO GUADAGNINI,
31 - 38054
FIERA DI PRIMIERO(Trento)","f) acquisto e vendita all'ingrosso dell'energia elettrica
 g) vendita a clienti liberi dell'energia elettrica"
"AEMME LINEA ENERGIE SPA
 Società per azioni (S.p.a.)
 P.IVA 03606390965
 C.F. 03606390965
 Anno di costituzione 2002",aemmelineaenergie@amga.it,www.aemmelineaenergie.it,"Via PER BUSTO ARSIZIO  ,
53 - 20025
LEGNANO(Milano)","Via PER BUSTO ARSIZIO  ,
53 - 20025
LEGNANO(Milano)","g) vendita a clienti liberi dell'energia elettrica 
 s) vendita a clienti finali del gas naturale"
"A.F. ENERGIA SRL
 Società a responsabilita limitata (S.r.l.)
 P.IVA 04245030285
 C.F. 04245030285
 Anno di costituzione 2007",afenergia@afenergia.it,www.afpetroli.it,"Via Castelletto ,
13 - 35038
TORREGLIA(Padova)","Via Castelletto ,
13 - 35038
TORREGLIA(Padova)","g) vendita a clienti liberi dell'energia elettrica 
 s) vendita a clienti finali del gas naturale"
"AGAM VENDITE S.R.L.
 Società a responsabilita limitata (S.r.l.)
 P.IVA 03755510967
 C.F. 03755510967
 Anno di costituzione 2002",marcella.marras@acsm-agam.it,,"Via via Canova ,
3 - 20052
MONZA(Milano)","Via via Canova ,
3 - 20052
MONZA(Milano)","g) vendita a clienti liberi dell'energia elettrica 
 s) vendita a clienti finali del gas naturale"
"Agenzia per l'energia della Provincia di Cuneo srl
 Società a responsabilita limitata (S.r.l.)
 P.IVA 02693930048
 C.F. 02693930048
 Anno di costituzione 1999",info@agengranda.it,www.agengranda.it,"Corso nizza,
21 - 12100
CUNEO(Cuneo)","Corso felice cavallotti,
4 - 12100
CUNEO(Cuneo)","f) acquisto e vendita all'ingrosso dell'energia elettrica
 g) vendita a clienti liberi dell'energia elettrica"
"AGESP ENERGIA SRL
 Società a responsabilita limitata (S.r.l.)
 P.IVA 02727450120
 C.F. 02727450120
 Anno di costituzione 2002",segreteria.agespenergia@agesp.it,www.agesp.it,"Via MARCO POLO,
12 - 21052
BUSTO ARSIZIO(Varese)","Via MARCO POLO,
12 - 21052
BUSTO ARSIZIO(Varese)","g) vendita a clienti liberi dell'energia elettrica 
 s) vendita a clienti finali del gas naturale"
"A.G.S. S.R.L. ADRITICA GLOBAL SERVICE
 Società a responsabilita limitata (S.r.l.)
 P.IVA 02206780427
 C.F. 02206780427
 Anno di costituzione 2004",ags@edraambiente.it,,"Via CIMABUE,
3 - 60019
SENIGALLIA(Ancona)","Via CIMABUE,
3 - 60019
SENIGALLIA(Ancona)","a) produzione dell'energia elettrica 
 g) vendita a clienti liberi dell'energia elettrica"
"AGSM ENERGIA Spa
 Società per azioni (S.p.a.)
 P.IVA 02968430237
 C.F. 02968430237
 Anno di costituzione 1999",,,"Via Lungadige Galtarossa, 8,
8 - 37133
VERONA(Verona)","Via Lungadige Galtarossa, 8,
8 - 37133
VERONA(Verona)","f) acquisto e vendita all'ingrosso dell'energia elettrica
 g) vendita a clienti liberi dell'energia elettrica 
 h) vendita a clienti tutelati dell'energia elettrica 
 i) attività elettriche estere
 r) acquisto e vendita all'ingrosso del gas naturale
 s) vendita a clienti finali del gas naturale
 u) attività gas estere trasporto, distribuzione e vendita di energia termica
 altro"
"A.I.M. ENERGY S.R.L.
 Società a responsabilita limitata (S.r.l.)
 P.IVA 03013930247
 C.F. 03013930247
 Anno di costituzione 2002",commerciale@aimvendite.it,www.aimvendite.it,"Via Contrà Pedemuro San Biagio ,
72 - 36100
VICENZA(Vicenza)","Via Contrà Pedemuro San Biagio ,
72 - 36100
VICENZA(Vicenza)","f) acquisto e vendita all'ingrosso dell'energia elettrica
 g) vendita a clienti liberi dell'energia elettrica 
 h) vendita a clienti tutelati dell'energia elettrica 
 r) acquisto e vendita all'ingrosso del gas naturale
 s) vendita a clienti finali del gas naturale
 u) attività gas estere altro"
"ALEGAS S.R.L.
 Società a responsabilita limitata (S.r.l.)
 P.IVA 01970140065
 C.F. 01970140065
 Anno di costituzione 2002",alegas@cert.alegas.it,www.gruppoamag.it,"Via VIA DAMIANO CHIESA 18,
18 - 15100
ALESSANDRIA(Alessandria)","Via VIA DAMIANO CHIESA 18,
18 - 15100
ALESSANDRIA(Alessandria)","g) vendita a clienti liberi dell'energia elettrica 
 h) vendita a clienti tutelati dell'energia elettrica 
 r) acquisto e vendita all'ingrosso del gas naturale
 s) vendita a clienti finali del gas naturale"
"ALFANO energia s.r.l.
 Società a responsabilita limitata (S.r.l.)
 P.IVA 06278561219
 C.F. 06278561219
 Anno di costituzione 2009",alfanoenergia@alfano.it,www.alfano.it,"Corso Salvatore D'Amato,
106 - 80022
ARZANO(Napoli)","Corso Salvatore D'Amato,
106 - 80022
ARZANO(Napoli)","a) produzione dell'energia elettrica 
 g) vendita a clienti liberi dell'energia elettrica"
"ALFANO S.P.A.
 Società per azioni (S.p.a.)
 P.IVA 01256441211
 C.F. 01321970632
 Anno di costituzione 1972",mercatoelettrico@alfano.it,www.alfano.it,"Corso SALVATORE D'AMATO,
106 - 80022
ARZANO(Napoli)","Corso SALVATORE D'AMATO,
106 - 80022
ARZANO(Napoli)","a) produzione dell'energia elettrica 
 g) vendita a clienti liberi dell'energia elettrica"
"ALPIQ ENERGIA ITALIA S.P.A.
 Società per azioni (S.p.a.)
 P.IVA 12930940155
 C.F. 12930940155
 Anno di costituzione 1999",info.mercato.ita@alpiq.com,www.alpiq.it,"Via Montalbino,
3 - 20159
MILANO(Milano)","Via Montalbino,
3 - 20159
MILANO(Milano)","f) acquisto e vendita all'ingrosso dell'energia elettrica
 g) vendita a clienti liberi dell'energia elettrica 
 r) acquisto e vendita all'ingrosso del gas naturale"
"ALTO CALORE BLUENERGY S.P.A.
 Società per azioni (S.p.a.)
 P.IVA 02443400649
 C.F. 02443400649
 Anno di costituzione 2005",clienti@altocalorebluenergy.it,www.altocalorebluenergy.it,"Corso Europa,
41 - 83100
AVELLINO(Avellino)","Corso Europa,
41 - 83100
AVELLINO(Avellino)","g) vendita a clienti liberi dell'energia elettrica 
 r) acquisto e vendita all'ingrosso del gas naturale
 s) vendita a clienti finali del gas naturale"
"AMGA ENERGIA & SERVIZI S.R.L.
 Società a responsabilita limitata (S.r.l.)
 P.IVA 02264130309
 C.F. 02264130309
 Anno di costituzione 2002",logistica@amgaenegiaeservizi.it,www.amgaenergiaeservizi.it,"Via via del Cotonificio,
60 - 33100
UDINE(Udine)","Via via del Cotonificio,
60 - 33100
UDINE(Udine)","f) acquisto e vendita all'ingrosso dell'energia elettrica
 g) vendita a clienti liberi dell'energia elettrica 
 r) acquisto e vendita all'ingrosso del gas naturale
 s) vendita a clienti finali del gas naturale"
"AMGAS   S.R.L.
 Società a responsabilita limitata (S.r.l.)
 P.IVA 06024230721
 C.F. 06024230721
 Anno di costituzione 2003",info@amgasbarisrl.it,http://www.amgasbarisrl.it,"Corso Alcide De Gasperi,
320 - 70125
BARI(Bari)","Corso Alcide De Gasperi,
320 - 70125
BARI(Bari)","g) vendita a clienti liberi dell'energia elettrica 
 s) vendita a clienti finali del gas naturale"
"Anonima Fotovoltaica Italiana S.r.l.
 Società a responsabilita limitata (S.r.l.)
 P.IVA 03551350717
 C.F. 03551350717
 Anno di costituzione 2007",francesco.urbano@ordingbo.it,www.anonimafotovoltaica.it,"Via Ferruccio,
8 - 71013
SAN GIOVANNI ROTONDO(Foggia)","Via Ferruccio,
8 - 71013
SAN GIOVANNI ROTONDO(Foggia)","a) produzione dell'energia elettrica 
 b) trasmissione dell'energia elettrica
 d) distribuzione dell'energia elettrica 
 e) misura dell'energia elettrica
 f) acquisto e vendita all'ingrosso dell'energia elettrica
 g) vendita a clienti liberi dell'energia elettrica 
 h) vendita a clienti tutelati dell'energia elettrica 
 i) attività elettriche estere
 j) servizi statistici di cui al DPCM 12 marzo 2002  q) misura del gas naturale
 r) acquisto e vendita all'ingrosso del gas naturale
 s) vendita a clienti finali del gas naturale
 t) distribuzione, misura e vendita di altri gas a mezzo di reti
 u) attività gas estere attività non riconducibili ai settori dell'energia elettrica e del gas
 gestione, esercizio, manutenzione e sviluppo delle linee dirette
 servizi prestati ad altre imprese ed enti, inclusi quelli prestati ad imprese rientranti nei settori del gas naturale e dell'energia elettrica (comma 26.2, lettera b) TIU)
 proprietari non utilizzatori di immobilizzazioni (art. 17 TIU)"
"ARGOS ENERGIA SPA
 Società per azioni (S.p.a.)
 P.IVA 03865690287
 C.F. 03865690287
 Anno di costituzione 2003",commerciale@argosenergia.com,www.argosenergia.com,"Piazza Adelaide Lonigo,
8 - 35030
RUBANO(Padova)","Piazza Adelaide Lonigo,
8 - 35030
RUBANO(Padova)","g) vendita a clienti liberi dell'energia elettrica 
 h) vendita a clienti tutelati dell'energia elettrica 
 s) vendita a clienti finali del gas naturale"
"ARKESIA ENERGIA E GAS S.P.A.
 Società per azioni (S.p.a.)
 P.IVA 02268360605
 C.F. 02268360605
 Anno di costituzione 2002",marcello.proietti@arkesia.it,www.arkesia.it,"Viale Garibaldi ,
7/e - 03018
PALIANO(Frosinone)","Viale Garibaldi ,
7/e - 03018
PALIANO(Frosinone)","g) vendita a clienti liberi dell'energia elettrica 
 s) vendita a clienti finali del gas naturale"
"ASCOT S.R.L. in liquidazione
 Società a responsabilita limitata (S.r.l.)
 P.IVA 01758150211
 C.F. 01758150211
 Anno di costituzione 1999",,,"Via via A. Ammon  ,
24 - 39042
Bressanone/Brixen(Bolzano/Bozen)","Via G.Galilei,
10 - 39100
Bolzano/Bozen(Bolzano/Bozen)",g) vendita a clienti liberi dell'energia elettrica
"ASCOTRADE S.P.A.
 Società per azioni (S.p.a.)
 P.IVA 01201910260
 C.F. 01201910260
 Anno di costituzione 1981",info@ascotrade.it,www.ascotrade.it,"Via Via Verizzo ,
1030 - 31053
PIEVE DI SOLIGO(Treviso)","Via Via Verizzo ,
1030 - 31053
PIEVE DI SOLIGO(Treviso)","f) acquisto e vendita all'ingrosso dell'energia elettrica
 g) vendita a clienti liberi dell'energia elettrica 
 r) acquisto e vendita all'ingrosso del gas naturale
 s) vendita a clienti finali del gas naturale
 servizi prestati ad altre imprese ed enti, inclusi quelli prestati ad imprese rientranti nei settori del gas naturale e dell'energia elettrica (comma 26.2, lettera b) TIU)"
"ASEC TRADE S.R.L.
 Società a responsabilita limitata (S.r.l.)
 P.IVA 03973800877
 C.F. 03973800877
 Anno di costituzione 2002",info@asec.ct.it,,"Via Via C. Colombo ,
150/b - 95121
CATANIA(Catania)","Via Via C. Colombo ,
150/b - 95121
CATANIA(Catania)","g) vendita a clienti liberi dell'energia elettrica 
 s) vendita a clienti finali del gas naturale"
"ASJA MARKET 
 Società a responsabilita limitata (S.r.l.)
 P.IVA 08051860016
 C.F. 03032270260
 Anno di costituzione 1994",info@asja.biz,www.asja.biz,"Corso Vinzaglio,
24 - 10121
TORINO(Torino)","Via Ivrea,
70 - 10098
RIVOLI(Torino)","g) vendita a clienti liberi dell'energia elettrica 
 servizi prestati ad altre imprese ed enti, inclusi quelli prestati ad imprese rientranti nei settori del gas naturale e dell'energia elettrica (comma 26.2, lettera b) TIU)
 altro"
"ASM ENERGIA E AMBIENTE S.R.L.
 Società a responsabilita limitata (S.r.l.)
 P.IVA 03504970173
 C.F. 03504970173
 Anno di costituzione 1999",info@asmea.it,www.asmea.it,"Via Via Lamarmora,
230 - 25124
BRESCIA(Brescia)","Via Via Lamarmora,
230 - 25124
BRESCIA(Brescia)","f) acquisto e vendita all'ingrosso dell'energia elettrica
 g) vendita a clienti liberi dell'energia elettrica 
 h) vendita a clienti tutelati dell'energia elettrica 
 r) acquisto e vendita all'ingrosso del gas naturale
 s) vendita a clienti finali del gas naturale
 t) distribuzione, misura e vendita di altri gas a mezzo di reti
 altro"
"ASM ENERGIA S.P.A.
 Società per azioni (S.p.a.)
 P.IVA 01985180189
 C.F. 01985180189
 Anno di costituzione 2002",,www.asmenergia.com,"Viale Petrarca,
68 - 27029
VIGEVANO(Pavia)","Viale Petrarca,
68 - 27029
VIGEVANO(Pavia)","g) vendita a clienti liberi dell'energia elettrica 
 r) acquisto e vendita all'ingrosso del gas naturale
 s) vendita a clienti finali del gas naturale"
"ASM VENDITA E SERVIZI S.R.L.
 Società a responsabilita limitata (S.r.l.)
 P.IVA 01991100189
 C.F. 01991100189
 Anno di costituzione 2003",info@asmvoghera.it,www.asmvenditavoghera.it,"Via Gasometro ,
17 - 27058
VOGHERA(Pavia)","Via Gasometro ,
17 - 27058
VOGHERA(Pavia)","f) acquisto e vendita all'ingrosso dell'energia elettrica
 g) vendita a clienti liberi dell'energia elettrica 
 h) vendita a clienti tutelati dell'energia elettrica 
 r) acquisto e vendita all'ingrosso del gas naturale
 s) vendita a clienti finali del gas naturale"
"A.S.P. S.P.A.
 Società per azioni (S.p.a.)
 P.IVA 01142420056
 C.F. 01142420056
 Anno di costituzione 1995",energia@asp.asti.it,,"Corso Don Minzoni,
86 - 14100
ASTI(Asti)","Corso Don Minzoni,
86 - 14100
ASTI(Asti)",g) vendita a clienti liberi dell'energia elettrica
"A.S.P.M. COMMERCIALE
 Società a responsabilita limitata (S.r.l.)
 P.IVA 01275310199
 C.F. 01275310199
 Anno di costituzione 2002",info@aspmsoresina.it,www.aspmsoresina.it,"Via Cairoli,
17 - 26015
SORESINA(Cremona)","Via Cairoli,
17 - 26015
SORESINA(Cremona)","g) vendita a clienti liberi dell'energia elettrica 
 s) vendita a clienti finali del gas naturale"
"ASSOUTILITY S.R.L.
 Società a responsabilita limitata (S.r.l.)
 P.IVA 03728900964
 C.F. 03728900964
 Anno di costituzione 2002",,,"Via VIA PANTANO,
9 - 20122
MILANO(Milano)","Via VIA PANTANO,
9 - 20122
MILANO(Milano)","f) acquisto e vendita all'ingrosso dell'energia elettrica
 g) vendita a clienti liberi dell'energia elettrica 
 r) acquisto e vendita all'ingrosso del gas naturale"
"ASTEA ENERGIA SRL
 Società a responsabilita limitata (S.r.l.)
 P.IVA 02078510423
 C.F. 02078510423
 Anno di costituzione 2002",info@adriaticaenergia.it,www.adriaticaenergia.it,"Via GUAZZATORE,
163 - 60027
OSIMO(Ancona)","Via GUAZZATORE,
163 - 60027
OSIMO(Ancona)","f) acquisto e vendita all'ingrosso dell'energia elettrica
 g) vendita a clienti liberi dell'energia elettrica 
 r) acquisto e vendita all'ingrosso del gas naturale
 s) vendita a clienti finali del gas naturale"
"ATENA TRADING SRL
 Società a responsabilita limitata (S.r.l.)
 P.IVA 02064090026
 C.F. 02064090026
 Anno di costituzione 2003",info@atenaweb.net,www.atenaweb.net,"Corso CORSO PALESTRO ,
126 - 13100
VERCELLI(Vercelli)","Corso CORSO PALESTRO ,
126 - 13100
VERCELLI(Vercelli)","g) vendita a clienti liberi dell'energia elettrica 
 h) vendita a clienti tutelati dell'energia elettrica 
 s) vendita a clienti finali del gas naturale
 attività non riconducibili ai settori dell'energia elettrica e del gas"
"AURA SRL
 Società a responsabilita limitata (S.r.l.)
 P.IVA 03035120546
 C.F. 03035120546
 Anno di costituzione 2008",auraenergia@live.it,,"Via CERQUIGLIA,
99 - 06049
SPOLETO(Perugia)","Via CERQUIGLIA,
99 - 06049
SPOLETO(Perugia)",g) vendita a clienti liberi dell'energia elettrica
"Azienda Elettrica Ticinese Italia Srl
 Società a responsabilita limitata (S.r.l.)
 P.IVA 02950290128
 C.F. 02950290128
 Anno di costituzione 2008",,,"Via San Prospero,
4 - 20121
MILANO(Milano)","Via Adele Martignoni,
25 - 20124
MILANO(Milano)","c) dispacciamento dell'energia elettrica 
 f) acquisto e vendita all'ingrosso dell'energia elettrica
 g) vendita a clienti liberi dell'energia elettrica 
 h) vendita a clienti tutelati dell'energia elettrica"
"Azienda Energetica Oberland - Rojenbach
 Societa cooperativa a responsabilità limitata (S.c.r.l.)
 P.IVA 01744030212
 C.F. 01744030212
 Anno di costituzione 1999",ego@rolmail.net,,"Via Via Nazionale,
22 - 39027
Curon Venosta/Graun im Vinschgau(Bolzano/Bozen)","Via Nazionale,
22 - 39027
Curon Venosta/Graun im Vinschgau(Bolzano/Bozen)","a) produzione dell'energia elettrica 
 g) vendita a clienti liberi dell'energia elettrica"
"AZIENDA ENERGETICA TRADING S.R.L. - ETSCHWERKE TRADING GMBH
 Società a responsabilita limitata (S.r.l.)
 P.IVA 01745520211
 C.F. 01745520211     
 Anno di costituzione 1999",,,"Via Dodiciville ,
8 - 39100
Bolzano/Bozen(Bolzano/Bozen)","Via Dodiciville ,
8 - 39100
Bolzano/Bozen(Bolzano/Bozen)","f) acquisto e vendita all'ingrosso dell'energia elettrica
 g) vendita a clienti liberi dell'energia elettrica"
"AZIENDA ENERGIA E GAS SOC. COOPERATIVA
 Societa cooperativa a responsabilità limitata (S.c.r.l.)
 P.IVA 00488490012
 C.F. 00488490012
 Anno di costituzione 1901",,,"Via VIA CAPPUCCINI,
22/a - 10015
IVREA(Torino)","Via VIA CAPPUCCINI,
22/a - 10015
IVREA(Torino)","g) vendita a clienti liberi dell'energia elettrica 
 s) vendita a clienti finali del gas naturale
 produzione combinata di energia elettrica e termica quando il rapporto tra quantità di energia elettrica ed energia termica è inferiore a 1
 altro"
"AZIENDA PUBBLISERVIZI BRUNICO
 
 P.IVA 00734480213
 C.F. 00734480213
 Anno di costituzione 1903",info@pubbliservizi.it,www.pubbliservizi.it,"Via ANELLO NORD,
19 - 39031
Brunico/Bruneck(Bolzano/Bozen)","Via ANELLO NORD,
19 - 39031
Brunico/Bruneck(Bolzano/Bozen)","a) produzione dell'energia elettrica 
 d) distribuzione dell'energia elettrica 
 e) misura dell'energia elettrica
 g) vendita a clienti liberi dell'energia elettrica 
 h) vendita a clienti tutelati dell'energia elettrica 
 attività non riconducibili ai settori dell'energia elettrica e del gas
 produzione combinata di energia elettrica e termica quando il rapporto tra quantità di energia elettrica ed energia termica è inferiore a 1
 trasporto, distribuzione e vendita di energia termica
 gestione, manutenzione e sviluppo di infrastrutture semaforiche e di illuminazione pubblica"
"AZIENDA SONDRIESE MULTISERVIZI SPA
 Società per azioni (S.p.a.)
 P.IVA 00686710146
 C.F. 00686710146
 Anno di costituzione 2000",asmso@asmso.it,www.asmso.it,"Via Ragazzi del '99,
19 - 23100
SONDRIO(Sondrio)","Via Ragazzi del '99,
19 - 23100
SONDRIO(Sondrio)","d) distribuzione dell'energia elettrica 
 e) misura dell'energia elettrica
 g) vendita a clienti liberi dell'energia elettrica 
 h) vendita a clienti tutelati dell'energia elettrica 
 p) distribuzione del gas naturale
 q) misura del gas naturale
 attività non riconducibili ai settori dell'energia elettrica e del gas
 gestione, manutenzione e sviluppo di infrastrutture semaforiche e di illuminazione pubblica
 servizi prestati ad altre imprese ed enti, inclusi quelli prestati ad imprese rientranti nei settori del gas naturale e dell'energia elettrica (comma 26.2, lettera b) TIU)
 altro"
"A2A ENERGIA S.P.A.
 Società per azioni (S.p.a.)
 P.IVA 12883420155
 C.F. 12883420155
 Anno di costituzione 1999",aen.direzione@a2a.eu,www.aemenergia.it,"Via corso di Porta Vittoria ,
4 - 20122
MILANO(Milano)","Via corso di Porta Vittoria ,
4 - 20122
MILANO(Milano)","g) vendita a clienti liberi dell'energia elettrica 
 h) vendita a clienti tutelati dell'energia elettrica 
 s) vendita a clienti finali del gas naturale"
"A2A TRADING S.R.L.
 Società a responsabilita limitata (S.r.l.)
 P.IVA 13390450156
 C.F. 13390450156
 Anno di costituzione 2001",segreteria.aet@a2a.eu,www.aemtrading.it,"Via corso di Porta Vittoria ,
4 - 20122
MILANO(Milano)","Via corso di Porta Vittoria ,
4 - 20122
MILANO(Milano)","f) acquisto e vendita all'ingrosso dell'energia elettrica
 g) vendita a clienti liberi dell'energia elettrica 
 r) acquisto e vendita all'ingrosso del gas naturale
 s) vendita a clienti finali del gas naturale"
"BAS OMNISERVIZI
 Società a responsabilita limitata (S.r.l.)
 P.IVA 02967250164
 C.F. 02967250164
 Anno di costituzione 2002",info@basomniservizi.it,www.basomniservizi.it,"Via Codussi,
46 - 24124
BERGAMO(Bergamo)","Via Suardi,
26 - 24124
BERGAMO(Bergamo)","g) vendita a clienti liberi dell'energia elettrica 
 s) vendita a clienti finali del gas naturale"
"BENACO ENERGIA S.P.A.
 Società per azioni (S.p.a.)
 P.IVA 02323310983
 C.F. 02323310983
 Anno di costituzione 2002",benaco@benacoenergia.it,www.benacoenergia.it,"Via Italo Barbieri,
20 - 25080
PADENGHE SUL GARDA(Brescia)","Via Enrico Fermi,
5/A - 25087
Salò(Brescia)",g) vendita a clienti liberi dell'energia elettrica
"BERGAMO ENERGIA S.P.A.
 Società per azioni (S.p.a.)
 P.IVA 02730770167
 C.F. 02730770167
 Anno di costituzione 1999",info@bergamoenergia.it,www.bergamoenergia.it,"Via Novelli,
11 - 24122
BERGAMO(Bergamo)","Via Novelli,
11 - 24122
BERGAMO(Bergamo)","f) acquisto e vendita all'ingrosso dell'energia elettrica
 g) vendita a clienti liberi dell'energia elettrica 
 r) acquisto e vendita all'ingrosso del gas naturale
 s) vendita a clienti finali del gas naturale"
"BIO S.p.A.
 Società per azioni (S.p.a.)
 P.IVA 00208030189
 C.F. 00208030189
 Anno di costituzione 1972",,,"Via ROMA,
89 - 27053
LUNGAVILLA(Pavia)","Via ROMA,
89 - 27053
LUNGAVILLA(Pavia)","f) acquisto e vendita all'ingrosso dell'energia elettrica
 g) vendita a clienti liberi dell'energia elettrica"
"BLUE META SPA
 Società per azioni (S.p.a.)
 P.IVA 02971930165
 C.F. 02971930165
 Anno di costituzione 2003",direzione@bluemeta.it,www.bluemeta.it,"Piazza Luciano Manara,
1 - 24047
TREVIGLIO(Bergamo)","Piazza IV Novembre,
2/A - 24050
ORIO AL SERIO(Bergamo)","f) acquisto e vendita all'ingrosso dell'energia elettrica
 g) vendita a clienti liberi dell'energia elettrica 
 r) acquisto e vendita all'ingrosso del gas naturale
 s) vendita a clienti finali del gas naturale"
"BLUENERGY GROUP S.P.A.
 Società per azioni (S.p.a.)
 P.IVA 02259960306
 C.F. 02259960306
 Anno di costituzione 2002",clienti@bluenergygroup.it,www.bluenergygroup.it,"Via Roma ,
39 - 33030
CAMPOFORMIDO(Udine)","Via Roma ,
39 - 33030
CAMPOFORMIDO(Udine)","g) vendita a clienti liberi dell'energia elettrica 
 r) acquisto e vendita all'ingrosso del gas naturale
 s) vendita a clienti finali del gas naturale"
"BP ITALIA SPA
 Società per azioni (S.p.a.)
 P.IVA 11086240154
 C.F. 01144480587
 Anno di costituzione 1962",,,"Via A. Cechov ,
50/2 - 20151
MILANO(Milano)","Via A. Cechov ,
50/2 - 20151
MILANO(Milano)","f) acquisto e vendita all'ingrosso dell'energia elettrica
 g) vendita a clienti liberi dell'energia elettrica 
 r) acquisto e vendita all'ingrosso del gas naturale
 s) vendita a clienti finali del gas naturale
 attività non riconducibili ai settori dell'energia elettrica e del gas"
"BURGO ENERGIA S.R.L.
 Società a responsabilita limitata (S.r.l.)
 P.IVA 08737780018
 C.F. 08737780018
 Anno di costituzione 2003",maggio.paola@burgo.com,www.burgoenergia.com,"Via Via Luigi Burgo,
8 - 10099
SAN MAURO TORINESE(Torino)","Via Via Luigi Burgo,
8 - 10099
SAN MAURO TORINESE(Torino)","f) acquisto e vendita all'ingrosso dell'energia elettrica
 g) vendita a clienti liberi dell'energia elettrica 
 altro"
"Cartiera Giorgione 
 Società per azioni (S.p.a.)
 P.IVA 00173840265
 C.F. 00173840265
 Anno di costituzione 1961",info@cartieragiorgione.it,www.cartieragiorgione.it,"Borgo Padova,
112 - 31033
CASTELFRANCO VENETO(Treviso)","Borgo Padova,
112 - 31033
CASTELFRANCO VENETO(Treviso)","a) produzione dell'energia elettrica 
 g) vendita a clienti liberi dell'energia elettrica"
"Cartiere di Trevi S.p.A.
 Società per azioni (S.p.a.)
 P.IVA 00160860540
 C.F. 00160860540
 Anno di costituzione 1960",info@cartiereditrevi.com,www.cartiereditrevi.com,"Via Clitunno,
4 - 06039
TREVI(Perugia)","Via Clitunno,
4 - 06039
TREVI(Perugia)",g) vendita a clienti liberi dell'energia elettrica
"CENTOMILACANDELE SCPA
 Società Consortile per Azioni
 P.IVA 13198320155
 C.F. 13198320155
 Anno di costituzione 2000",info@innowatio.it,,"Via della Moscova,
3 - 20121
MILANO(Milano)","Via Padre Elzi,
28/A - 24050
GRASSOBBIO(Bergamo)","f) acquisto e vendita all'ingrosso dell'energia elettrica
 g) vendita a clienti liberi dell'energia elettrica"
"Cleanpower
 Societa cooperativa a responsabilità limitata (S.c.r.l.)
 P.IVA 03404370276
 C.F. 03404370276
 Anno di costituzione 2002",info@cleanpowerenergia.it,www.cleanpowerenergia.it,"Via Lavaredo,
44/52 - 30174
VENEZIA(Venezia)","Via Lavaredo,
44/52 - 30174
VENEZIA(Venezia)","a) produzione dell'energia elettrica 
 g) vendita a clienti liberi dell'energia elettrica"
"CMV ENERGIA SRL
 Società a responsabilita limitata (S.r.l.)
 P.IVA 01565150388
 C.F. 01565150388
 Anno di costituzione 2002",info@cmvenergia.it,www.cmvenergia.it,"Via Via Malamini Baldassarre ,
1 - 44042
CENTO(Ferrara)","Via Via Malamini Baldassarre ,
1 - 44042
CENTO(Ferrara)","g) vendita a clienti liberi dell'energia elettrica 
 s) vendita a clienti finali del gas naturale"
"COFELY  ITALIA S.p.A
 Società per azioni (S.p.a.)
 P.IVA 01698911003
 C.F. 07149930583
 Anno di costituzione 2010",info@sogee.it,,"Via Via Ostiense,
333 - 00146
ROMA(Roma)","Via Via Ostiense,
333 - 00146
ROMA(Roma)","a) produzione dell'energia elettrica 
 g) vendita a clienti liberi dell'energia elettrica 
 s) vendita a clienti finali del gas naturale"
"Cogenpower Gas & Power S.r.l.
 Società a responsabilita limitata (S.r.l.)
 P.IVA 09970070018
 C.F. 09970070018
 Anno di costituzione 2009",gas@cogenpower.it,,"Corso C.so Re Umberto,
54 - 10128
TORINO(Torino)","Corso Cadorna,
11/B5 - 10071
BORGARO TORINESE(Torino)","f) acquisto e vendita all'ingrosso dell'energia elettrica
 g) vendita a clienti liberi dell'energia elettrica 
 r) acquisto e vendita all'ingrosso del gas naturale
 s) vendita a clienti finali del gas naturale"
"COGESER VENDITE S.R.L.
 Società a responsabilita limitata (S.r.l.)
 P.IVA 05941460965
 C.F. 05941460965
 Anno di costituzione 2007",,,"Via Via Martiri della Libertà,
18 - 20066
MELZO(Milano)","Via Via Martiri della Libertà,
18 - 20066
MELZO(Milano)","g) vendita a clienti liberi dell'energia elettrica 
 s) vendita a clienti finali del gas naturale"
"COIMEPA SERVIZI S.U.R.L.
 Società a responsabilita limitata (S.r.l.)
 P.IVA 02796290365
 C.F. 02796290365
 Anno di costituzione 2002",ufficioutenti@coimepaservizi.com,www.coimepaservizi.com,"Via VIA MAURO TESI,
957 - 41059
ZOCCA(Modena)","Via VIA MAURO TESI,
957 - 41059
ZOCCA(Modena)","g) vendita a clienti liberi dell'energia elettrica 
 s) vendita a clienti finali del gas naturale"
"CONFINDUSTRIA ENERGIA PESARO URBINO SOC. CONS. A R.L.
 Società consortile a responsabilità limitata (S.c.r.l.)
 P.IVA 01495880419
 C.F. 01495880419
 Anno di costituzione 1999",a.baroni@confindustria.pu.it,,"Via CURIEL,
35 - 61121
PESARO(Pesaro e Urbino)","Via CURIEL,
35 - 61121
PESARO(Pesaro e Urbino)","f) acquisto e vendita all'ingrosso dell'energia elettrica
 g) vendita a clienti liberi dell'energia elettrica"
"CONSORZI ENERGETICI INDUSTRIALI RIUNITI - CEIR
 SOC.CONSORTILE A R.L.
 P.IVA 02125990461
 C.F. 02125990461
 Anno di costituzione 2008",ceir@assindustria.lu.it,,"Piazza BERNARDINI,
41 - 55100
LUCCA(Lucca)","Piazza BERNARDINI,
41 - 55100
LUCCA(Lucca)","f) acquisto e vendita all'ingrosso dell'energia elettrica
 g) vendita a clienti liberi dell'energia elettrica"
"CONSORZIO ELETTRICO INDUSTRIALE DI STENICO S.C.
 Societa cooperativa a responsabilità limitata (S.c.r.l.)
 P.IVA 00124060229
 C.F. 00124060229
 Anno di costituzione 1905",info@ceis-stenico.it,,"Frazione Ponte Arche Via Marconi,
6 - 38071
BLEGGIO INFERIORE(Trento)","Frazione Ponte Arche Via Marconi,
6 - 38071
BLEGGIO INFERIORE(Trento)","a) produzione dell'energia elettrica 
 d) distribuzione dell'energia elettrica 
 e) misura dell'energia elettrica
 g) vendita a clienti liberi dell'energia elettrica 
 h) vendita a clienti tutelati dell'energia elettrica 
 gestione, manutenzione e sviluppo di infrastrutture semaforiche e di illuminazione pubblica
 servizi prestati ad altre imprese ed enti, inclusi quelli prestati ad imprese rientranti nei settori del gas naturale e dell'energia elettrica (comma 26.2, lettera b) TIU)
 altro"
"CONSORZIO ENERGETICO LUCCHESE CEL SOC. CONSORTILE A R.L.
 Società consortile a r.l.
 P.IVA 01769980465
 C.F. 92023890467
 Anno di costituzione 1999",,,"Via Piazza Bernardini,
41 - 55100
LUCCA(Lucca)","Via Piazza Bernardini,
41 - 55100
LUCCA(Lucca)",g) vendita a clienti liberi dell'energia elettrica
"CONSORZIO ENERGIA ASSINDUSTRIA VICENZA - ENERGINDUSTRIA
 
 P.IVA 02785440245
 C.F. 02785440245
 Anno di costituzione 1999",consorzio@energindustria.it,www.energindustria.it,"Piazza Castello,
3 - 36100
VICENZA(Vicenza)","Piazza Castello,
30 - 36100
VICENZA(Vicenza)",g) vendita a clienti liberi dell'energia elettrica
"CONSORZIO ENERGIA PULITA MULTIUTILITY
 Consorzio con attività esterna
 P.IVA 03221430238
 C.F. 03221430238
 Anno di costituzione 2000",,,"Viale del Lavoro,
33 - 37135
VERONA(Verona)","Viale del Lavoro,
33 - 37135
VERONA(Verona)","f) acquisto e vendita all'ingrosso dell'energia elettrica
 g) vendita a clienti liberi dell'energia elettrica"
"Consorzio Fortore Energia
 Società Consortile
 P.IVA 03562690713
 C.F. 03562690713
 Anno di costituzione 2007",,,"Piazza della Repubblica,
5 - 71036
FOGGIA(Foggia)","Piazza dell'Arrigoni,
60 - 47023
CESENA(Forlì-Cesena)","a) produzione dell'energia elettrica 
 g) vendita a clienti liberi dell'energia elettrica 
 h) vendita a clienti tutelati dell'energia elettrica"
"CONSORZIO GROSSETO ENERGIA SCARL
 
 P.IVA 01251730535
 C.F. 01251730535
 Anno di costituzione 2001",,,"Via via Monterosa ,
196 - 58100
GROSSETO(Grosseto)","Via via Monterosa ,
196 - 58100
GROSSETO(Grosseto)",g) vendita a clienti liberi dell'energia elettrica
"CONSORZIO PRATO ENERGIA
 Consorzio con attività esterna
 P.IVA 01812470977
 C.F. 01812470977
 Anno di costituzione 1999",,,"Via Via Valentini,
14 - 59100
PRATO(Prato)","Via Via Valentini,
14 - 59100
PRATO(Prato)",g) vendita a clienti liberi dell'energia elettrica
"CO-VER ENERGY TRADING SRL
 Società a responsabilita limitata (S.r.l.)
 P.IVA 02015740034
 C.F. 02015740034
 Anno di costituzione 2005",coverenergytrading@co-ver-energy.it,www.co-ver-energy.it,"Via Via 42 Martiri ,
165 - 28924
VERBANIA(Verbano-Cusio-Ossola)","Via Via 42 Martiri ,
165 - 28924
VERBANIA(Verbano-Cusio-Ossola)","f) acquisto e vendita all'ingrosso dell'energia elettrica
 g) vendita a clienti liberi dell'energia elettrica"
"C.U.RA CONSORZIO UTILITIES RAVENNA
 
 P.IVA 02019950399
 C.F. 02019950399
 Anno di costituzione 2000",info@curaenergy.it,www.curaenergy.it,"Via via Barbiani ,
8/10 - 48100
RAVENNA(Ravenna)","Via Granarolo ,
175/3 - 48018
FAENZA(Ravenna)","f) acquisto e vendita all'ingrosso dell'energia elettrica
 g) vendita a clienti liberi dell'energia elettrica 
 r) acquisto e vendita all'ingrosso del gas naturale
 s) vendita a clienti finali del gas naturale"
"CVA TRADING SRL A SU
 Società a responsabilita limitata (S.r.l.)
 P.IVA 01032450072
 C.F. 01032450072
 Anno di costituzione 2001",biagini.angelo@cvaspa.it,www.cvatrading-ao.it,"Via Via Stazione,
31 - 11024
CHATILLON(Aosta)","Via Via Stazione,
31 - 11024
CHATILLON(Aosta)",g) vendita a clienti liberi dell'energia elettrica
"DM SPA
 Società per azioni (S.p.a.)
 P.IVA 03856960962
 C.F. 03856960962
 Anno di costituzione 2003",dmimpianti@dmimpianti.com,www.dmimpianti.com,"Via Sant'Anatalone,
8 - 20147
MILANO(Milano)","Via Sant'Anatalone,
8 - 20147
MILANO(Milano)","a) produzione dell'energia elettrica 
 g) vendita a clienti liberi dell'energia elettrica 
 s) vendita a clienti finali del gas naturale"
"DUFERCO ENERGIA SRL
 Società a responsabilita limitata (S.r.l.)
 P.IVA 02356770988
 C.F. 02356770988
 Anno di costituzione 2002",,,"Via Armando Diaz ,
248 - 25010
SAN ZENO NAVIGLIO(Brescia)","Via Armando Diaz ,
248 - 25010
SAN ZENO NAVIGLIO(Brescia)","f) acquisto e vendita all'ingrosso dell'energia elettrica
 g) vendita a clienti liberi dell'energia elettrica"
"DYNAMEETING SPA
 Società per azioni (S.p.a.)
 P.IVA 13181080154
 C.F. 13181080154
 Anno di costituzione 2001",info@dynameeting.it,www.dynameeting.it,"Via Uberti,
37 - 20129
MILANO(Milano)","Via Uberti,
37 - 20129
MILANO(Milano)","f) acquisto e vendita all'ingrosso dell'energia elettrica
 g) vendita a clienti liberi dell'energia elettrica 
 s) vendita a clienti finali del gas naturale
 attività non riconducibili ai settori dell'energia elettrica e del gas"
"EDELWEISS ENERGIA S.P.A.
 Società per azioni (S.p.a.)
 P.IVA 03258290166
 C.F. 03258290166
 Anno di costituzione 2005",info@edelweiss-energia.it,,"Via Vittorio Veneto,
42 - 24067
SARNICO(Bergamo)","Via Vittorio Veneto,
42 - 24067
SARNICO(Bergamo)","f) acquisto e vendita all'ingrosso dell'energia elettrica
 g) vendita a clienti liberi dell'energia elettrica 
 r) acquisto e vendita all'ingrosso del gas naturale
 s) vendita a clienti finali del gas naturale"
"EDISON ENERGIA S.P.A.
 Società per azioni (S.p.a.)
 P.IVA 08526440154
 C.F. 08526440154
 Anno di costituzione 1986",lorenzo.sessa@edison.it,www.edisonenergia.it,"Via Foro Buonaparte,
31 - 20121
MILANO(Milano)","Via Foro Buonaparte,
31 - 20121
MILANO(Milano)","f) acquisto e vendita all'ingrosso dell'energia elettrica
 g) vendita a clienti liberi dell'energia elettrica 
 r) acquisto e vendita all'ingrosso del gas naturale
 s) vendita a clienti finali del gas naturale"
"EGEA COMMERCIALE SRL
 Società a responsabilita limitata (S.r.l.)
 P.IVA 02439760162
 C.F. 02439760162
 Anno di costituzione 2002",egea@egea.it,www.egea.it,"Via VIA VIVARO,
3 - 12051
ALBA(Cuneo)","Via VIA VIVARO,
3 - 12051
ALBA(Cuneo)","f) acquisto e vendita all'ingrosso dell'energia elettrica
 g) vendita a clienti liberi dell'energia elettrica 
 s) vendita a clienti finali del gas naturale"
"EGI SPA
 Società per azioni (S.p.a.)
 P.IVA 02672380546
 C.F. 02672380546
 Anno di costituzione 2003",info@egispa.it,www.egispa.it,"Via FRATTINA ,
89 - 00187
ROMA(Roma)","Via Kennedy ,
1 - 06080
TORGIANO(Perugia)","f) acquisto e vendita all'ingrosso dell'energia elettrica
 g) vendita a clienti liberi dell'energia elettrica 
 h) vendita a clienti tutelati dell'energia elettrica"
"EGL ITALIA S.P.A.
 Società per azioni (S.p.a.)
 P.IVA 01141160992
 C.F. 01141160992
 Anno di costituzione 2000",,http://www.egl-italia.it,"Via Via Antica Fiumara,
6 - 16149
GENOVA(Genova)","Via Via Antica Fiumara,
6 - 16149
GENOVA(Genova)","f) acquisto e vendita all'ingrosso dell'energia elettrica
 g) vendita a clienti liberi dell'energia elettrica 
 r) acquisto e vendita all'ingrosso del gas naturale
 s) vendita a clienti finali del gas naturale"
"EL.EA SRL
 Società a responsabilita limitata (S.r.l.)
 P.IVA 06131970961
 C.F. 06131970961
 Anno di costituzione 2008",,,"Via MIRAMARE,
15 - 20126
MILANO(Milano)","Via MIRAMARE,
15 - 20126
MILANO(Milano)","a) produzione dell'energia elettrica 
 g) vendita a clienti liberi dell'energia elettrica 
 altro"
"ELECTRA ITALIA SPA
 Società per azioni (S.p.a.)
 P.IVA 12863050154
 C.F. 12863050154
 Anno di costituzione 1999",,www.electraitalia.com,"Via Largo Donegani ,
2 - 20121
MILANO(Milano)","Via G. Fara,
28 - 20124
MILANO(Milano)","f) acquisto e vendita all'ingrosso dell'energia elettrica
 g) vendita a clienti liberi dell'energia elettrica 
 r) acquisto e vendita all'ingrosso del gas naturale
 s) vendita a clienti finali del gas naturale"
"ELECTRADE
 Società a responsabilita limitata (S.r.l.)
 P.IVA 03294530245
 C.F. 03294530245
 Anno di costituzione 2006",info@electrade.it,www.electrade.it,"Via Verci,
8 - 36061
BASSANO DEL GRAPPA(Vicenza)","Via B. Telesio,
23 - 20145
MILANO(Milano)","f) acquisto e vendita all'ingrosso dell'energia elettrica
 g) vendita a clienti liberi dell'energia elettrica 
 altro"
"ELETTROGREEN S.p.A.
 Società per azioni (S.p.a.)
 P.IVA 01461920991
 C.F. 01461920991
 Anno di costituzione 2005",info@elettrogreen.com,www.elettrogreen.com,"Via G.Spadolini,
7 - 20141
MILANO(Milano)","Via via Carducci,
5 - 16121
GENOVA(Genova)","f) acquisto e vendita all'ingrosso dell'energia elettrica
 g) vendita a clienti liberi dell'energia elettrica"
"ELGASUD S.P.A.
 Società per azioni (S.p.a.)
 P.IVA 06517750722
 C.F. 06517750722
 Anno di costituzione 2006",,,"Via VIA MONTEGRAPPA,
6 - 70059
TRANI(Bari)","Via VIA MONTEGRAPPA,
6 - 70059
TRANI(Bari)","f) acquisto e vendita all'ingrosso dell'energia elettrica
 g) vendita a clienti liberi dell'energia elettrica 
 r) acquisto e vendita all'ingrosso del gas naturale
 s) vendita a clienti finali del gas naturale"
"ENECO ENERGIA SPA
 Società per azioni (S.p.a.)
 P.IVA 00769140211
 C.F. 00769140211
 Anno di costituzione 2000",luca.derosa@enecoenergiaspa.it,www.enecoenergiaspa.it,"Via via Galilei,
10 - 39100
Bolzano/Bozen(Bolzano/Bozen)","Via via Galilei,
10 - 39100
Bolzano/Bozen(Bolzano/Bozen)","g) vendita a clienti liberi dell'energia elettrica 
 s) vendita a clienti finali del gas naturale"
"ENEGAN SRL
 Società a responsabilita limitata (S.r.l.)
 P.IVA 06017420487
 C.F. 06017420487
 Anno di costituzione 2010",info@enegan.it,www.enegan.it,"Viale SPARTACO LAVAGNINI,
20 - 50129
FIRENZE(Firenze)","Via URBANIA,
12 - 50056
MONTELUPO FIORENTINO(Firenze)",g) vendita a clienti liberi dell'energia elettrica
"ENEIDE S.R.L.
 Società a responsabilita limitata (S.r.l.)
 P.IVA 00831140942
 C.F. 00831140942
 Anno di costituzione 2003",,,"Località LOCALITA' BRECCELLE,
snc - 86170
ISERNIA(Isernia)","Località LOCALITA' BRECCELLE,
snc - 86170
ISERNIA(Isernia)","g) vendita a clienti liberi dell'energia elettrica 
 s) vendita a clienti finali del gas naturale"
"ENEL ENERGIA S.P.A.
 Società per azioni (S.p.a.)
 P.IVA 06655971007
 C.F. 06655971007
 Anno di costituzione 2001",,www.enelenergia.it,"Viale Regina Margherita,
125 - 00198
ROMA(Roma)","Viale Regina Margherita,
125 - 00198
ROMA(Roma)","g) vendita a clienti liberi dell'energia elettrica 
 h) vendita a clienti tutelati dell'energia elettrica 
 s) vendita a clienti finali del gas naturale
 t) distribuzione, misura e vendita di altri gas a mezzo di reti"
"ENER   S.A.
 Società per azioni (S.p.a.)
 P.IVA EL998380210
 C.F. EL998380210
 Anno di costituzione 2007",info@enersa.gr,www.enersa.gr,"Corso CHRISOSTOMOU ,
25 - 121 32   ATHENS
null(Z115)","Corso CHRISOSTOMOU ,
25 - 121 32   ATHENS
null(Z115)","b) trasmissione dell'energia elettrica
 d) distribuzione dell'energia elettrica 
 f) acquisto e vendita all'ingrosso dell'energia elettrica
 g) vendita a clienti liberi dell'energia elettrica 
 h) vendita a clienti tutelati dell'energia elettrica 
 i) attività elettriche estere"
"EN.E.R. TRADING
 Società per azioni (S.p.a.)
 P.IVA 02116200391
 C.F. 02116200391
 Anno di costituzione 2003",info@ener.it,,"Via Via Granarolo ,
175/3 - 48018
FAENZA(Ravenna)","Via Via Granarolo ,
175/3 - 48018
FAENZA(Ravenna)","f) acquisto e vendita all'ingrosso dell'energia elettrica
 g) vendita a clienti liberi dell'energia elettrica 
 r) acquisto e vendita all'ingrosso del gas naturale
 s) vendita a clienti finali del gas naturale"
"ENERCOM S.R.L.
 Società a rsponsabilità limitata con unico socio
 P.IVA 01262680190
 C.F. 01262680190
 Anno di costituzione 2002",,,"Via S. Chiara ,
9 - 26013
CREMA(Cremona)","Via S. Chiara ,
9 - 26013
CREMA(Cremona)","g) vendita a clienti liberi dell'energia elettrica 
 s) vendita a clienti finali del gas naturale"
"ENERGETIC SOURCE SPA Unipersonale
 Società per azioni (S.p.a.)
 P.IVA 03338650173
 C.F. 03338650173
 Anno di costituzione 1996",,www.energetisource.it,"Via VIA DONATORI DI SANGUE,
6D - 25050
PADERNO FRANCIACORTA(Brescia)","Via VIA DONATORI DI SANGUE,
6D - 25050
PADERNO FRANCIACORTA(Brescia)","f) acquisto e vendita all'ingrosso dell'energia elettrica
 g) vendita a clienti liberi dell'energia elettrica 
 r) acquisto e vendita all'ingrosso del gas naturale
 s) vendita a clienti finali del gas naturale"
"ENERGETYCA
 Società a responsabilita limitata (S.r.l.)
 P.IVA 02948660168
 C.F. 02948660168
 Anno di costituzione 2002",,,"Via Via Monte Sabotino ,
2 - 24121
BERGAMO(Bergamo)","Via Via Monte Sabotino ,
2 - 24121
BERGAMO(Bergamo)","g) vendita a clienti liberi dell'energia elettrica 
 s) vendita a clienti finali del gas naturale"
"ENERGHE S.p.A.
 Società per azioni (S.p.a.)
 P.IVA 03145780049
 C.F. 03145780049
 Anno di costituzione 2007",energhe@ferrero.com,WWW.ENERGHE.COM,"Via PIETRO FERRERO,
25 - 12051
ALBA(Cuneo)","Via FERRERO ,
1 - 12051
ALBA(Cuneo)","a) produzione dell'energia elettrica 
 f) acquisto e vendita all'ingrosso dell'energia elettrica
 g) vendita a clienti liberi dell'energia elettrica 
 i) attività elettriche estere"
"+Energia 
 Società per azioni (S.p.a.)
 P.IVA 01244170526
 C.F. 01244170526
 Anno di costituzione 2008",info@piuenergiaelettrica.it,www.piuenergiaelettrica.it,"Via Fedeli,
2 - 06034
FOLIGNO(Perugia)","Via Fedeli,
2 - 06034
FOLIGNO(Perugia)","f) acquisto e vendita all'ingrosso dell'energia elettrica
 g) vendita a clienti liberi dell'energia elettrica 
 h) vendita a clienti tutelati dell'energia elettrica"
"ENERGIA CORRENTE
 Società a responsabilita limitata (S.r.l.)
 P.IVA 03672520404
 C.F. 03672520404
 Anno di costituzione 2007",,www.energiacorrente.it,"Via Via dell'Arrigoni,
60 - 47023
CESENA(Forlì-Cesena)","Via Via dell'Arrigoni,
60 - 47023
CESENA(Forlì-Cesena)","g) vendita a clienti liberi dell'energia elettrica 
 h) vendita a clienti tutelati dell'energia elettrica"
"ENERGIA LUCANA
 Società per azioni (S.p.a.)
 P.IVA 01064680778
 C.F. 01064680778
 Anno di costituzione 2002",,,"Via via pomarico ,
snc - 75015
PISTICCI(Matera)","Via viviani ,
12 - 20124
MILANO(Milano)",g) vendita a clienti liberi dell'energia elettrica
"ENERGIA MEDITERRANEA S.R.L.
 Società a responsabilita limitata (S.r.l.)
 P.IVA 02501710780
 C.F. 02501710780
 Anno di costituzione 2002",info@enem.it,www.enem.it,"Via Popilia,
250/N - 87100
COSENZA(Cosenza)","Via Popilia,
250/N - 87100
COSENZA(Cosenza)",g) vendita a clienti liberi dell'energia elettrica
"energiattiva s.r.l.
 Società a responsabilita limitata (S.r.l.)
 P.IVA 02005680513
 C.F. 02005680513
 Anno di costituzione 2009",info@energiattiva.it,www.energiattiva.it,"Via caduti partigiani,
32 - 52010
BIBBIENA(Arezzo)","Via caduti partigiani,
32 - 52010
BIBBIENA(Arezzo)","a) produzione dell'energia elettrica 
 g) vendita a clienti liberi dell'energia elettrica"
"Energia2.0 Srl
 Società a responsabilita limitata (S.r.l.)
 P.IVA 10208461003
 C.F. 10208461003
 Anno di costituzione 2008",info@energiaduepuntozero.it,www.energiaduepuntozero.it,"Via ostriana ,
12 - 00199
ROMA(Roma)","Via ostriana ,
12 - 00199
ROMA(Roma)","g) vendita a clienti liberi dell'energia elettrica 
 h) vendita a clienti tutelati dell'energia elettrica"
"ENERG.IT S.P.A.
 Società per azioni (S.p.a.)
 P.IVA 02605060926
 C.F. 02605060926
 Anno di costituzione 2000",amministrazione@energit.it,www.energit.it,"Via Edward Jenner ,
19/21 - 09121
CAGLIARI(Cagliari)","Via Edward Jenner ,
19/21 - 09121
CAGLIARI(Cagliari)","f) acquisto e vendita all'ingrosso dell'energia elettrica
 g) vendita a clienti liberi dell'energia elettrica"
"ENERGRID
 Società per azioni (S.p.a.)
 P.IVA 08600990017
 C.F. 08600990017
 Anno di costituzione 2003",info@energrid.it,www.energrid.it,"Viale ISONZO,
14/1 - 20135
MILANO(Milano)","Via Piffetti,
15 - 10143
TORINO(Torino)","f) acquisto e vendita all'ingrosso dell'energia elettrica
 g) vendita a clienti liberi dell'energia elettrica 
 r) acquisto e vendita all'ingrosso del gas naturale
 s) vendita a clienti finali del gas naturale"
"ENERGY PLUS
 Società a responsabilita limitata (S.r.l.)
 P.IVA 05351110969
 C.F. 05351110969
 Anno di costituzione 2006",padacot@libero.it,www.energyplus.it,"Via G. B. Tiepolo,
21 - 00196
ROMA(Roma)","Via G. B. Tiepolo,
21 - 00196
ROMA(Roma)","g) vendita a clienti liberi dell'energia elettrica 
 s) vendita a clienti finali del gas naturale"
"ENERGY TRADING INTERNATIONAL 
 Società a responsabilita limitata (S.r.l.)
 P.IVA 10229031009
 C.F. 10229031009
 Anno di costituzione 2008",p.cotesta@energyti.it,www.energytradinginternational.it,"Via VINCENZO CIAFFI,
26 - 00142
ROMA(Roma)","Via G. B. Tiepolo,
21 - 00196
ROMA(Roma)","g) vendita a clienti liberi dell'energia elettrica 
 h) vendita a clienti tutelati dell'energia elettrica 
 r) acquisto e vendita all'ingrosso del gas naturale
 s) vendita a clienti finali del gas naturale"
"ENERGY WATT
 Società a responsabilita limitata (S.r.l.)
 P.IVA 02417920986
 C.F. 02417920986
 Anno di costituzione 2003",info@energywatt.it,www.energywatt.it,"Via C. Colombo,
27 - 25013
CARPENEDOLO(Brescia)","Via C. Colombo,
27 - 25013
CARPENEDOLO(Brescia)","f) acquisto e vendita all'ingrosso dell'energia elettrica
 g) vendita a clienti liberi dell'energia elettrica"
"ENERGYCA S.R.L.
 Società a responsabilita limitata (S.r.l.)
 P.IVA 05279670961
 C.F. 05279670961
 Anno di costituzione 2006",info@energyca.it,www.energyca.it,"Via Via Dante,
15 - 26845
CODOGNO(Lodi)","Via Via Dante,
15 - 26845
CODOGNO(Lodi)","a) produzione dell'energia elettrica 
 f) acquisto e vendita all'ingrosso dell'energia elettrica
 g) vendita a clienti liberi dell'energia elettrica"
"Energy.Dis srl
 Società a responsabilita limitata (S.r.l.)
 P.IVA 02254400217
 C.F. 02254400217
 Anno di costituzione 2001",info@energy-dis.it,www.energy-dis.it,"Via Julius Durst,
6 - 39042
Bressanone/Brixen(Bolzano/Bozen)","Via Julius Durst,
6 - 39042
Bressanone/Brixen(Bolzano/Bozen)","f) acquisto e vendita all'ingrosso dell'energia elettrica
 g) vendita a clienti liberi dell'energia elettrica"
"ENI S.P.A.
 Società per azioni (S.p.a.)
 P.IVA 00905811006
 C.F. 00484960588
 Anno di costituzione 1992",michele.pizzolato@eni.it,www.eni.it,"Piazza Enrico Mattei ,
1 - 00144
ROMA(Roma)","Piazza Vanoni,
1 - 20097
SAN DONATO MILANESE(Milano)","a) produzione dell'energia elettrica 
 f) acquisto e vendita all'ingrosso dell'energia elettrica
 g) vendita a clienti liberi dell'energia elettrica 
 i) attività elettriche estere
 k) coltivazione di gas naturale
 r) acquisto e vendita all'ingrosso del gas naturale
 s) vendita a clienti finali del gas naturale
 t) distribuzione, misura e vendita di altri gas a mezzo di reti
 u) attività gas estere attività non riconducibili ai settori dell'energia elettrica e del gas
 servizi prestati ad altre imprese ed enti, inclusi quelli prestati ad imprese rientranti nei settori del gas naturale e dell'energia elettrica (comma 26.2, lettera b) TIU)
 altro"
"ENIA ENERGIA S.P.A
 Società a responsabilita limitata (S.r.l.)
 P.IVA 02220020347
 C.F. 02220020347
 Anno di costituzione 2003",info@eniaenergia.it,www.eniaenergia.it,"Via Via Nubi di Magellano, 40,
30 - 42100
REGGIO NELL'EMILIA(Reggio nell'Emilia)","Via Via Nubi di Magellano, 40,
30 - 42100
REGGIO NELL'EMILIA(Reggio nell'Emilia)","f) acquisto e vendita all'ingrosso dell'energia elettrica
 g) vendita a clienti liberi dell'energia elettrica 
 h) vendita a clienti tutelati dell'energia elettrica 
 r) acquisto e vendita all'ingrosso del gas naturale
 s) vendita a clienti finali del gas naturale"
"ENIPOWER
 Società per azioni (S.p.a.)
 P.IVA 12958270154
 C.F. 12958270154
 Anno di costituzione 1999",area.normativa@enipower.eni.it,www.enipower.eni.it,"Piazza Vanoni,
1 - 20097
SAN DONATO MILANESE(Milano)","Piazza Vanoni,
1 - 20097
SAN DONATO MILANESE(Milano)","a) produzione dell'energia elettrica 
 f) acquisto e vendita all'ingrosso dell'energia elettrica
 g) vendita a clienti liberi dell'energia elettrica 
 produzione combinata di energia elettrica e termica quando il rapporto tra quantità di energia elettrica ed energia termica è inferiore a 1
 altro"
"EniServizi
 Società per azioni (S.p.a.)
 P.IVA 11665650153
 C.F. 11665650153
 Anno di costituzione 1995",,,"Piazza Ezio Vanoni,
1 - 20097
SAN DONATO MILANESE(Milano)","Piazza Agadir,
34 - 20097
SAN DONATO MILANESE(Milano)","a) produzione dell'energia elettrica 
 f) acquisto e vendita all'ingrosso dell'energia elettrica
 g) vendita a clienti liberi dell'energia elettrica"
"E.ON Energia S.p.A.
 Società per azioni (S.p.a.)
 P.IVA 03429130234
 C.F. 03429130234
 Anno di costituzione 2004",,www.eon-energia.com,"Via A. Vespucci,
2 - 20124
MILANO(Milano)","Via E. Fermi,
15 - 37135
VERONA(Verona)","f) acquisto e vendita all'ingrosso dell'energia elettrica
 g) vendita a clienti liberi dell'energia elettrica 
 r) acquisto e vendita all'ingrosso del gas naturale
 s) vendita a clienti finali del gas naturale"
"E.ON EUROPA POWER&FUEL SRL
 Società a responsabilita limitata (S.r.l.)
 P.IVA 08494031001
 C.F. 08494031001
 Anno di costituzione 2005",ermete.lombardi@eon.com,,"- VOCABOLO VALLE frazione PAPIGNO  ,
9 - 05100
TERNI(Terni)","- VOCABOLO VALLE frazione PAPIGNO  ,
9 - 05100
TERNI(Terni)","f) acquisto e vendita all'ingrosso dell'energia elettrica
 g) vendita a clienti liberi dell'energia elettrica"
"E.ON ITALIA POWER & FUEL S.R.L.
 Società a responsabilita limitata (S.r.l.)
 P.IVA 07238471002
 C.F. 07238471002
 Anno di costituzione 2002",ermete.lombardi@eon.com,,"Via Vocabolo Valle ,
9 - 05100
TERNI(Terni)","Via Vocabolo Valle ,
9 - 05100
TERNI(Terni)","f) acquisto e vendita all'ingrosso dell'energia elettrica
 g) vendita a clienti liberi dell'energia elettrica 
 r) acquisto e vendita all'ingrosso del gas naturale
 s) vendita a clienti finali del gas naturale"
"E.ON PRODUZIONE S.P.A.
 Società per azioni (S.p.a.)
 P.IVA 03251970962
 C.F. 03251970962
 Anno di costituzione 2004",fabio.vigorito@eon.com,,"Via VIA G. MANGILI,
9 - 00197
ROMA(Roma)","Via VIA G. MANGILI,
9 - 00197
ROMA(Roma)","a) produzione dell'energia elettrica 
 g) vendita a clienti liberi dell'energia elettrica"
"ERG POWER & GAS S.P.A.
 Società per azioni (S.p.a.)
 P.IVA 01332460896
 C.F. 01332460896
 Anno di costituzione 2000",operations@ergpg.it,www.ergpg.it,"Via De Marini,
1 - 16149
GENOVA(Genova)","Via De Marini ,
1 - 16149
GENOVA(Genova)","f) acquisto e vendita all'ingrosso dell'energia elettrica
 g) vendita a clienti liberi dell'energia elettrica 
 r) acquisto e vendita all'ingrosso del gas naturale
 s) vendita a clienti finali del gas naturale
 u) attività gas estere"
"ERGON ENERGIA SRL in liquidazione
 Società a responsabilita limitata (S.r.l.)
 P.IVA 02431280987
 C.F. 02431280987
 Anno di costituzione 2003",info@ergonenergia.it,www.ergonenergia.it,"Corso Di Porta Vittoria,
4 - 20122
MILANO(Milano)","Corso Di Porta Vittoria,
4 - 20122
MILANO(Milano)","f) acquisto e vendita all'ingrosso dell'energia elettrica
 g) vendita a clienti liberi dell'energia elettrica"
"EROGASMET VENDITA - VIVIGAS S.P.A.
 Società per azioni (S.p.a.)
 P.IVA 13149000153
 C.F. 13149000153     
 Anno di costituzione 2000",,www.vivigas.it,"Via Via Vittorio Emanuele II, 4/28,
4/28 - 25030
RONCADELLE(Brescia)","Via Via Vittorio Emanuele II, 4/28,
4/28 - 25030
RONCADELLE(Brescia)","g) vendita a clienti liberi dell'energia elettrica 
 r) acquisto e vendita all'ingrosso del gas naturale
 s) vendita a clienti finali del gas naturale"
"ESA SRL
 Società a responsabilita limitata (S.r.l.)
 P.IVA 02116360690
 C.F. 02116360690
 Anno di costituzione 2005",esa@serpellinigroup.it,www.serpellinigroup.it,"Via Gran Sasso,
snc - 66100
CHIETI(Chieti)","Via Gran Sasso,
snc - 66100
CHIETI(Chieti)","f) acquisto e vendita all'ingrosso dell'energia elettrica
 g) vendita a clienti liberi dell'energia elettrica"
"ESPANSIONE SRL SOLUZIONE PER L'ENERGIA
 Società a responsabilita limitata (S.r.l.)
 P.IVA 02083290029
 C.F. 02083290029
 Anno di costituzione 2002",info@espansione-energia.it,www.espansione-energia.it,"Via Vittorio Veneto ,
8/E - 21013
GALLARATE(Varese)","Via Vittorio Veneto ,
8/E - 21013
GALLARATE(Varese)","f) acquisto e vendita all'ingrosso dell'energia elettrica
 g) vendita a clienti liberi dell'energia elettrica"
"ESTENERGY S.P.A.
 Società per azioni (S.p.a.)
 P.IVA 00997630322
 C.F. 00997630322
 Anno di costituzione 2000",info@estenergy.it,www.estenergy.it,"Via Via dei Rettori,
1 - 34121
TRIESTE(Trieste)","Via Via dei Rettori,
1 - 34121
TRIESTE(Trieste)","f) acquisto e vendita all'ingrosso dell'energia elettrica
 g) vendita a clienti liberi dell'energia elettrica 
 r) acquisto e vendita all'ingrosso del gas naturale
 s) vendita a clienti finali del gas naturale"
"E.S.TR.A. ELETTRICITA' S.P.A.
 Società per azioni (S.p.a.)
 P.IVA 02033530979
 C.F. 02033530979
 Anno di costituzione 2006",boffice@estraelettricita.it,www.estraelettricita.it,"Via Ugo Panziera,
16 - 59100
PRATO(Prato)","Via Ugo Panziera,
16 - 59100
PRATO(Prato)",g) vendita a clienti liberi dell'energia elettrica
"EUGANEA ENERGIA S.P.A.
 Società per azioni (S.p.a.)
 P.IVA 03000110241
 C.F. 03000110241
 Anno di costituzione 2010",euganeaenergia@cegalin.com,www.euganeaenergia.eu,"Via viale della Pace ,
146 - 36100
VICENZA(Vicenza)","Via viale della Pace ,
146 - 36100
VICENZA(Vicenza)","g) vendita a clienti liberi dell'energia elettrica 
 h) vendita a clienti tutelati dell'energia elettrica"
"EXERGIA SPA
 Società per azioni (S.p.a.)
 P.IVA 02711220125
 C.F. 02711220125
 Anno di costituzione 2002",c.riboni@exergia.it,www.exergia.it,"Via Orrigoni ,
8 - 21100
VARESE(Varese)","Via Sempione,
15/A - 21013
GALLARATE(Varese)","f) acquisto e vendita all'ingrosso dell'energia elettrica
 g) vendita a clienti liberi dell'energia elettrica 
 h) vendita a clienti tutelati dell'energia elettrica 
 r) acquisto e vendita all'ingrosso del gas naturale
 s) vendita a clienti finali del gas naturale"
"FARENERGIA
 Società a responsabilita limitata (S.r.l.)
 P.IVA 01469790628
 C.F. 01469790628
 Anno di costituzione 2009",info@farenergia.com,www.farenergia.com,"Via dell'ambiente,
1 - 82021
APICE(Benevento)","Via dell'ambiente,
1 - 82021
APICE(Benevento)","a) produzione dell'energia elettrica 
 g) vendita a clienti liberi dell'energia elettrica 
 h) vendita a clienti tutelati dell'energia elettrica 
 altro"
"FINTEL MULTISERVIZI SPA
 Società per azioni (S.p.a.)
 P.IVA 02658620402
 C.F. 02658620402
 Anno di costituzione 1999",info@fintel.bz,www.fintel.bz,"Via VIA PERANDA ,
2 - 62100
MACERATA(Macerata)","Via ENRICO FERMI ,
19/21 - 62010
POLLENZA(Macerata)","g) vendita a clienti liberi dell'energia elettrica 
 s) vendita a clienti finali del gas naturale"
"FLY NETWORK ENERGIE S.P.A.
 Società per azioni (S.p.a.)
 P.IVA 06053361009
 C.F. 06053361009
 Anno di costituzione 2000",info@flynetwork.it,www.flynetwork.it,"Via Via Alfredo Casella  ,
19 - 00199
ROMA(Roma)","Via Luigi Mancinelli,
25-27-29 - 00199
ROMA(Roma)","a) produzione dell'energia elettrica 
 f) acquisto e vendita all'ingrosso dell'energia elettrica
 g) vendita a clienti liberi dell'energia elettrica"
"FLYENERGIA SPA
 Società per azioni (S.p.a.)
 P.IVA 02302600982
 C.F. 02302600982
 Anno di costituzione 2002",bignotti.alessio@flyenergia.it,www.flyenergia.it,"Via Donatori di Sangue,
6/D - 25050
PADERNO FRANCIACORTA(Brescia)","Via Donatori di Sangue,
6/D - 25050
PADERNO FRANCIACORTA(Brescia)","f) acquisto e vendita all'ingrosso dell'energia elettrica
 g) vendita a clienti liberi dell'energia elettrica 
 s) vendita a clienti finali del gas naturale"
"FONTEL SPA
 Società per azioni (S.p.a.)
 P.IVA 07281070636
 C.F. FNZGRL72A31F839P
 Anno di costituzione 1998",energia@fontel.it,,"Via VIA TOLEDO ,
329 - 80132
NAPOLI(Napoli)","Via CENTRO DIREZIONALE,
ISOLA A/2 - 80143
NAPOLI(Napoli)",g) vendita a clienti liberi dell'energia elettrica
"GALA S.P.A.
 Società per azioni (S.p.a.)
 P.IVA 06832931007
 C.F. 06832931007
 Anno di costituzione 2001",info@galaenergia.it,www.galaenergia.it,"Via via P. Borsieri,
20 - 00195
ROMA(Roma)","Via via P. Borsieri,
20 - 00195
ROMA(Roma)","f) acquisto e vendita all'ingrosso dell'energia elettrica
 g) vendita a clienti liberi dell'energia elettrica"
"GAS PLUS VENDITE
 Società a responsabilita limitata (S.r.l.)
 P.IVA 04564800961
 C.F. 04564800961
 Anno di costituzione 2004",utenze.fidenza@gasplus.it,www.gasplus.it,"Via VIALE ENRICO FORLANINI 17,
17 - 20134
MILANO(Milano)","Via VIALE ENRICO FORLANINI 17,
17 - 20134
MILANO(Milano)","g) vendita a clienti liberi dell'energia elettrica 
 s) vendita a clienti finali del gas naturale
 attività non riconducibili ai settori dell'energia elettrica e del gas"
"GAS SALES S.R.L.
 Società a responsabilita limitata (S.r.l.)
 P.IVA 01340300332
 C.F. 01340300332
 Anno di costituzione 2001",susanna.curti@gassales.it,,"Via VIA FABIO FILZI,
33 - 20124
MILANO(Milano)","Via Matteotti,
36 - 29010
ALSENO(Piacenza)","g) vendita a clienti liberi dell'energia elettrica 
 s) vendita a clienti finali del gas naturale"
"GASCOM S.P.A.
 Società per azioni (S.p.a.)
 P.IVA 08382071002
 C.F. 08382071002
 Anno di costituzione 2005",info@gascom.it,www.gascom.it,"Via Via San Marco,
11 - 35129
PADOVA(Padova)","Via Via San Marco,
11 - 35129
PADOVA(Padova)","f) acquisto e vendita all'ingrosso dell'energia elettrica
 g) vendita a clienti liberi dell'energia elettrica 
 r) acquisto e vendita all'ingrosso del gas naturale
 s) vendita a clienti finali del gas naturale"
"GELSIA ENERGIA SRL
 Società a responsabilita limitata (S.r.l.)
 P.IVA 03525690966
 C.F. 03525690966
 Anno di costituzione 2002",,www.gelsia.it,"Via VIA F.LLI BANDIERA,
26 - 20038
SEREGNO(Milano)","Via palestro,
33 - 20038
SEREGNO(Milano)","f) acquisto e vendita all'ingrosso dell'energia elettrica
 g) vendita a clienti liberi dell'energia elettrica 
 h) vendita a clienti tutelati dell'energia elettrica 
 s) vendita a clienti finali del gas naturale"
"GENIA ENERGIA SRL
 Società a responsabilita limitata (S.r.l.)
 P.IVA 04947520963
 C.F. 04947520963
 Anno di costituzione 2005",,,"Via Via della Pace ,
41 - 20098
SAN GIULIANO MILANESE(Milano)","Via della Pace ,
41 - 20098
SAN GIULIANO MILANESE(Milano)","g) vendita a clienti liberi dell'energia elettrica 
 r) acquisto e vendita all'ingrosso del gas naturale
 s) vendita a clienti finali del gas naturale
 altro"
"GENIA ENERGY TRADING S.R.L.
 Società a responsabilita limitata (S.r.l.)
 P.IVA 06705840962
 C.F. 06705840962
 Anno di costituzione 2009",info@geniaspa.com,www.geniaspa.com,"Via DELLA PACE,
41 - 20098
SAN GIULIANO MILANESE(Milano)","Via DELLA PACE,
41 - 20098
SAN GIULIANO MILANESE(Milano)","g) vendita a clienti liberi dell'energia elettrica 
 r) acquisto e vendita all'ingrosso del gas naturale
 s) vendita a clienti finali del gas naturale"
"GEOENERGIE S.P.A.
 Società per azioni (S.p.a.)
 P.IVA 02384370165
 C.F. 00998130165
 Anno di costituzione 1982",geoenergie@geogreen.it,www.geogreen.it,"Via Via Verdi,
11 - 24121
BERGAMO(Bergamo)","Via Via Cà Antonelli,
55 - 24024
GANDINO(Bergamo)","f) acquisto e vendita all'ingrosso dell'energia elettrica
 g) vendita a clienti liberi dell'energia elettrica 
 r) acquisto e vendita all'ingrosso del gas naturale
 s) vendita a clienti finali del gas naturale
 trasporto, distribuzione e vendita di energia termica"
"GLOBAL ENERGY S.R.L.
 Società a responsabilita limitata (S.r.l.)
 P.IVA 03364290274
 C.F. 03364290274
 Anno di costituzione 2002",info@globalenergyweb.com,www.globalenergyweb.com,"Via VERIZZO,
1030 - 31053
PIEVE DI SOLIGO(Treviso)","Via GIUDECCA,
2/3 - 30035
MIRANO(Venezia)","g) vendita a clienti liberi dell'energia elettrica 
 s) vendita a clienti finali del gas naturale"
"GLOBAL POWER S.P.A.
 Società per azioni (S.p.a.)
 P.IVA 03443420231
 C.F. 03443420231
 Anno di costituzione 2004",info@globalpower.it,www.globalpower.it,"Via Corso Milano,
55 - 37138
VERONA(Verona)","Corso Porta Nuova,
127 - 37122
VERONA(Verona)","g) vendita a clienti liberi dell'energia elettrica 
 altro"
"GREEN NETWORK S.P.A.
 Società per azioni (S.p.a.)
 P.IVA 07451521004
 C.F. 07451521004
 Anno di costituzione 2003",info@greennetwork.it,www.greennetwork.it,"Via GIOVANNI PAISIELLO,
55 - 00198
ROMA(Roma)","Via giovanni paisiello,
55 - 00198
ROMA(Roma)","f) acquisto e vendita all'ingrosso dell'energia elettrica
 g) vendita a clienti liberi dell'energia elettrica 
 r) acquisto e vendita all'ingrosso del gas naturale
 s) vendita a clienti finali del gas naturale"
"GREEN NETWORK SUD
 Società a responsabilita limitata (S.r.l.)
 P.IVA 06309150727
 C.F. 06309150727
 Anno di costituzione 2005",info@greennetwork.it,www.greennetworksud.it,"Via GIOVANNI PAISIELLO,
53/55 - 00198
ROMA(Roma)","Via GIOVANNI PAISIELLO,
53/55 - 00198
ROMA(Roma)",g) vendita a clienti liberi dell'energia elettrica
"GRUPPO GEA S.p.A.
 Società per azioni (S.p.a.)
 P.IVA 01692800681
 C.F. 01692800681
 Anno di costituzione 2003",info@gruppogeaspa.it,www.gruppogeaspa.it,"Via LAGO DI BRACCIANO,
4 - 65016
MONTESILVANO(Pescara)","Via BASILEA,
6 - 65010
SPOLTORE(Pescara)","g) vendita a clienti liberi dell'energia elettrica 
 h) vendita a clienti tutelati dell'energia elettrica 
 s) vendita a clienti finali del gas naturale"
"HELIOS S.R.L.
 Società a responsabilita limitata (S.r.l.)
 P.IVA 04468130655
 C.F. 04468130655
 Anno di costituzione 2007",info@heliosenergia.it,www.heliosenergia.it,"Via PIO XI ,
7 - 84125
SALERNO(Salerno)","Via PIO XI ,
7 - 84125
SALERNO(Salerno)","f) acquisto e vendita all'ingrosso dell'energia elettrica
 g) vendita a clienti liberi dell'energia elettrica"
"HERA COMM MEDITERRANEA S.R.L.
 Società a responsabilita limitata (S.r.l.)
 P.IVA 02171831205
 C.F. 02171831205
 Anno di costituzione 2001",sergio.letizia@gruppohera.it,www.heracommmediterranea.it,"Via Zona Industriale ASI,
1 - 81032
CARINARO(Caserta)","Via Molino Rosso,
8 - 40026
IMOLA(Bologna)","f) acquisto e vendita all'ingrosso dell'energia elettrica
 g) vendita a clienti liberi dell'energia elettrica"
"HERA COMM S.R.L. SOCIO UNICO HERA S.P.A.
 Società a responsabilita limitata (S.r.l.)
 P.IVA 02221101203
 C.F. 02221101203
 Anno di costituzione 2001",marco.santandrea@gruppohera.it,www.gruppohera.it,"Via Via Molino Rosso,
8 - 40026
IMOLA(Bologna)","Via Via Molino Rosso,
8 - 40026
IMOLA(Bologna)","f) acquisto e vendita all'ingrosso dell'energia elettrica
 g) vendita a clienti liberi dell'energia elettrica 
 h) vendita a clienti tutelati dell'energia elettrica 
 s) vendita a clienti finali del gas naturale
 servizi prestati ad altre imprese ed enti, inclusi quelli prestati ad imprese rientranti nei settori del gas naturale e dell'energia elettrica (comma 26.2, lettera b) TIU)"
"INNOWATIO S.p.A.
 Società per azioni (S.p.a.)
 P.IVA 03486370160
 C.F. 03486370160
 Anno di costituzione 2008",info@innowatio.it,www.innowatio.it,"Via padre elzi ,
28/a - 24050
GRASSOBBIO(Bergamo)","Via padre elzi ,
28/a - 24050
GRASSOBBIO(Bergamo)","f) acquisto e vendita all'ingrosso dell'energia elettrica
 g) vendita a clienti liberi dell'energia elettrica"
"Integra Energy S.r.l.
 Società a responsabilita limitata (S.r.l.)
 P.IVA 04419160967
 C.F. 04419160967
 Anno di costituzione 2004",,www.pirellire.com,"Viale Piero e Alberto Pirelli,
21 - 20126
MILANO(Milano)","Viale Piero e Alberto Pirelli,
21 - 20126
MILANO(Milano)","f) acquisto e vendita all'ingrosso dell'energia elettrica
 g) vendita a clienti liberi dell'energia elettrica"
"INTERENERGY SRL
 Società a responsabilita limitata (S.r.l.)
 P.IVA 01640230999
 C.F. 01640230999
 Anno di costituzione 2006",info@interenergysrl.it,www.interenergysrl.it,"Via AL PONTE CALVI,
3 / 10 - 16124
GENOVA(Genova)","Via AL PONTE CALVI,
3 / 10 - 16124
GENOVA(Genova)","f) acquisto e vendita all'ingrosso dell'energia elettrica
 g) vendita a clienti liberi dell'energia elettrica"
"IPI ISTITUTO PROMOZIONALE PER L'INDUSTRIA SRL
 Società a responsabilita limitata (S.r.l.)
 P.IVA 00341780245
 C.F. 00341780245
 Anno di costituzione 1975",ipi@assind.vi.it,,"Piazza CASTELLO,
3 - 36100
VICENZA(Vicenza)","Piazza CASTELLO,
3 - 36100
VICENZA(Vicenza)",g) vendita a clienti liberi dell'energia elettrica
"ISOGAS S.R.L. A SOCIO UNICO
 Società a responsabilita limitata (S.r.l.)
 P.IVA 01035220316
 C.F. 01035220316
 Anno di costituzione 2002",,,"Via Via Cau de Mezo,
8 - 34077
RONCHI DEI LEGIONARI(Gorizia)","Via Via Cau de Mezo,
8 - 34077
RONCHI DEI LEGIONARI(Gorizia)","f) acquisto e vendita all'ingrosso dell'energia elettrica
 g) vendita a clienti liberi dell'energia elettrica 
 r) acquisto e vendita all'ingrosso del gas naturale
 s) vendita a clienti finali del gas naturale"
"ITALCOGIM ENERGIE S.P.A.
 Società per azioni (S.p.a.)
 P.IVA 13422890155
 C.F. 13422890155     
 Anno di costituzione 2001",regolazione@italcogimenergie.it,www.italcogimenergie.it,"Via Giovanni Spadolini,
7 - 20141
MILANO(Milano)","Via Giovanni Spadolini,
7 - 20141
MILANO(Milano)","g) vendita a clienti liberi dell'energia elettrica 
 r) acquisto e vendita all'ingrosso del gas naturale
 s) vendita a clienti finali del gas naturale"
"ITALGEN S.P.A.
 Società per azioni (S.p.a.)
 P.IVA 02605580162
 C.F. 09438800154
 Anno di costituzione 2001",commerciale@italgen.it,www.italgen.it,"Via Via G. Camozzi,
124 - 24121
BERGAMO(Bergamo)","Via J.F. Kennedy,
snc - 24020
VILLA DI SERIO(Bergamo)","a) produzione dell'energia elettrica 
 g) vendita a clienti liberi dell'energia elettrica 
 i) attività elettriche estere
 altro"
"LA LUCE 
 Società per azioni (S.p.a.)
 P.IVA 09610141005
 C.F. 09610141005
 Anno di costituzione 2007",info@lalucespa.it,www.lalucespa.it,"Via GIOVANNI PAISIELLO,
53/55 - 00198
AFFILE(Roma)","Via GIOVANNI PAISIELLO,
53/55 - 00198
AFFILE(Roma)",g) vendita a clienti liberi dell'energia elettrica
"LIFEGATE SPA
 Società per azioni (S.p.a.)
 P.IVA 02524630130
 C.F. 02524630130
 Anno di costituzione 2000",info@lifegate.it,www.lifegate.it,"Via manzoni,
18 - 22046
MERONE(Como)","Via manzoni,
18 - 22046
MERONE(Como)",g) vendita a clienti liberi dell'energia elettrica
"LINEA PIU S.P.A.
 Società per azioni (S.p.a.)
 P.IVA 01275720199
 C.F. 01275720199
 Anno di costituzione 2002",info@linea-piu.it,www.linea-piu.it,"Via Via Donegani,
21 - 27100
PAVIA(Pavia)","Via Via Donegani,
21 - 27100
PAVIA(Pavia)","f) acquisto e vendita all'ingrosso dell'energia elettrica
 g) vendita a clienti liberi dell'energia elettrica 
 s) vendita a clienti finali del gas naturale"
"LUCAS ENGINE SPA
 Società per azioni (S.p.a.)
 P.IVA 07050611008
 C.F. 07050611008
 Anno di costituzione 2002",,,"Via Savoia,
38 - 96100
SIRACUSA(Siracusa)","Via Savoia,
38 - 96100
SIRACUSA(Siracusa)","f) acquisto e vendita all'ingrosso dell'energia elettrica
 g) vendita a clienti liberi dell'energia elettrica"
"LUCOS ALTERNATIVE ENERGIES SPA
 Società per azioni (S.p.a.)
 P.IVA 09822071008
 C.F. 09822071008
 Anno di costituzione 2008",info@lucosenergia.com,www.lucosenergia.com,"Corso GALILEO FERRARIS,
70 - 10129
TORINO(Torino)","Via BONCOMPAGNI,
93 - 00187
ROMA(Roma)","g) vendita a clienti liberi dell'energia elettrica 
 h) vendita a clienti tutelati dell'energia elettrica 
 gestione, manutenzione e sviluppo di infrastrutture semaforiche e di illuminazione pubblica
 altro"
"LUMENERGIA S.P.A.
 Società per azioni (S.p.a.)
 P.IVA 01948840986
 C.F. 03405300173
 Anno di costituzione 2010",info@lumenergia.it,www.lumenergia.it,"Via Via Monsuello, 154,
154 - 25065
LUMEZZANE(Brescia)","Via Glisenti ,
68/f - 25069
LUMEZZANE(Brescia)","f) acquisto e vendita all'ingrosso dell'energia elettrica
 g) vendita a clienti liberi dell'energia elettrica 
 s) vendita a clienti finali del gas naturale"
"MEGAWATT ONE 
 Società a responsabilita limitata (S.r.l.)
 P.IVA 01627300708
 C.F. 01627300708
 Anno di costituzione 2009",studio.manganiello@tiscali.it,,"Via S.Lorenzo ,
64 - 86100
CAMPOBASSO(Campobasso)","Via serino,
66 - 83042
ATRIPALDA(Avellino)","a) produzione dell'energia elettrica 
 f) acquisto e vendita all'ingrosso dell'energia elettrica
 g) vendita a clienti liberi dell'energia elettrica"
"METAENERGIA SPA
 Società per azioni (S.p.a.)
 P.IVA 10384791009
 C.F. 10384701009
 Anno di costituzione 2009",metaenergia@metaenergia.it,www.metaenergia.it,"Via BARBERINI,
86 - 00187
ROMA(Roma)","Via BARBERINI,
86 - 00187
ROMA(Roma)","f) acquisto e vendita all'ingrosso dell'energia elettrica
 g) vendita a clienti liberi dell'energia elettrica"
"METAMER S.R.L.
 Società a responsabilita limitata (S.r.l.)
 P.IVA 02030110692
 C.F. 02030110692
 Anno di costituzione 2002",info@metamer.it,www.metamer.it,"Corso Garibaldi,
71 - 66050
SAN SALVO(Chieti)","Corso Garibaldi,
71 - 66050
SAN SALVO(Chieti)","f) acquisto e vendita all'ingrosso dell'energia elettrica
 g) vendita a clienti liberi dell'energia elettrica 
 r) acquisto e vendita all'ingrosso del gas naturale
 s) vendita a clienti finali del gas naturale"
"Modula S.r.l
 Società a responsabilita limitata (S.r.l.)
 P.IVA 01330160555
 C.F. 01330160555
 Anno di costituzione 2005",info@modulaenergie.com,www.modulaenergie.com,"Via GIOVANNI PAISIELLO,
55 - 00198
ROMA(Roma)","Via GIOVANNI PAISIELLO,
55 - 00198
ROMA(Roma)",g) vendita a clienti liberi dell'energia elettrica
"MULTIUTILITY S.P.A.
 Società per azioni (S.p.a.)
 P.IVA 03027910235
 C.F. 03027910235
 Anno di costituzione 2001",info@multiutility.it,www.multiutility.it,"Viale DEL LAVORO,
33 - 37135
VERONA(Verona)","Viale DEL LAVORO,
33 - 37135
VERONA(Verona)","f) acquisto e vendita all'ingrosso dell'energia elettrica
 g) vendita a clienti liberi dell'energia elettrica 
 s) vendita a clienti finali del gas naturale"
"NIGGELER & KUPFER ENERGIA
 Società a responsabilita limitata (S.r.l.)
 P.IVA 02442340986
 C.F. 02442340986
 Anno di costituzione 2003",ugo.corna@grupponk.it,,"Via VIA  G.NIGGELER 67,
67 - 25031
CAPRIOLO(Brescia)","Via VIA  G.NIGGELER 67,
67 - 25031
CAPRIOLO(Brescia)","f) acquisto e vendita all'ingrosso dell'energia elettrica
 g) vendita a clienti liberi dell'energia elettrica"
"NUOVA SOLMINE  S.p.A.
 Società per azioni (S.p.a.)
 P.IVA 01420420067
 C.F. 01420420067
 Anno di costituzione 1989",alberto.dellomodarme@tiscali.it,www.solmine.it,"- LOCALITA' CASONE,
snc - 58020
SCARLINO(Grosseto)","- LOCALITA' CASONE,
snc - 58020
SCARLINO(Grosseto)","a) produzione dell'energia elettrica 
 g) vendita a clienti liberi dell'energia elettrica"
"NUOVA SOLMINE MARKETING SPA
 Società per azioni (S.p.a.)
 P.IVA 00911300531
 C.F. 00911300531
 Anno di costituzione 1987",alberto.dellomodarme@tiscali.it,www.solmine.it,"- Località Casone,
snc - 58020
SCARLINO(Grosseto)","- Località Casone,
snc - 58020
SCARLINO(Grosseto)",g) vendita a clienti liberi dell'energia elettrica
"OMNIA ENERGIA PIU'
 Società a responsabilita limitata (S.r.l.)
 P.IVA 02959310786
 C.F. 02959310786
 Anno di costituzione 2008",info@omniaenergiapiu.it,www.omniaenergiapiu.it,"Via Niccolò Paganini,
8 - 50127
FIRENZE(Firenze)","Via Niccolò Paganini,
8 - 50127
FIRENZE(Firenze)","f) acquisto e vendita all'ingrosso dell'energia elettrica
 g) vendita a clienti liberi dell'energia elettrica"
"OMNIA ENERGIA S.P.A.
 Società per azioni (S.p.a.)
 P.IVA 02599020787
 C.F. 02599020787
 Anno di costituzione 2003",info@omniaenergia.it,www.omniaenergia.it,"Via Popilia,
250/N - 87100
COSENZA(Cosenza)","Via Popilia,
250/N - 87100
COSENZA(Cosenza)",g) vendita a clienti liberi dell'energia elettrica
"ONDA S.R.L.
 Società a responsabilita limitata (S.r.l.)
 P.IVA 07491751009
 C.F. 07491751009
 Anno di costituzione 2003",segreteria@ondaenergia.com,,"Via PORRO GIAN GIACOMO,
8 - 00197
ROMA(Roma)","Via PORRO GIAN GIACOMO,
8 - 00197
ROMA(Roma)","f) acquisto e vendita all'ingrosso dell'energia elettrica
 g) vendita a clienti liberi dell'energia elettrica"
"Österreichische Elektrizitätswirtschafts Aktiengesellschaft (VERBUND)
 Società per azioni (S.p.a.)
 P.IVA ATU14703908
 C.F. ATU14703908
 Anno di costituzione 1947",apt@verbund.at,www.verbund.at,"Via Am Hof,
6a - 01010
null(Z102)","Via Am Hof,
6a - 01010
null(Z102)","f) acquisto e vendita all'ingrosso dell'energia elettrica
 g) vendita a clienti liberi dell'energia elettrica 
 i) attività elettriche estere
 u) attività gas estere"
"PANDORA
 Società per azioni (S.p.a.)
 P.IVA 02745010542
 C.F. 02745010542
 Anno di costituzione 2004",info@pandoraenergia.it,www.pandoraenergia.it,"Via della Bufalotta,
374 - 00139
ROMA(Roma)","Via della Bufalotta,
374 - 00139
ROMA(Roma)","c) dispacciamento dell'energia elettrica 
 f) acquisto e vendita all'ingrosso dell'energia elettrica
 g) vendita a clienti liberi dell'energia elettrica"
"PASUBIO SERVIZI S.R.L. UNIPERSONALE
 Società a responsabilita limitata (S.r.l.)
 P.IVA 03196080240
 C.F. 03196080240
 Anno di costituzione 2004",clienti@pasubioservizi.it,www.pasubioservizi.it,"Via Via Cementi ,
37 - 36015
SCHIO(Vicenza)","Via Via Cementi ,
37 - 36015
SCHIO(Vicenza)","g) vendita a clienti liberi dell'energia elettrica 
 s) vendita a clienti finali del gas naturale"
"PEDROTTI ADELE SRL
 Società a responsabilita limitata (S.r.l.)
 P.IVA 00635200140
 C.F. 00635200140
 Anno di costituzione 1992",info@serpentino.it,,"Via MOROSINI,
36 - 20135
MILANO(Milano)","Località basci,
1 - 23020
TORRE DI SANTA MARIA(Sondrio)","a) produzione dell'energia elettrica 
 g) vendita a clienti liberi dell'energia elettrica 
 attività non riconducibili ai settori dell'energia elettrica e del gas"
"Poste Energia
 Società per azioni (S.p.a.)
 P.IVA 09651101009
 C.F. 09651101009
 Anno di costituzione 2007",,,"Viale Europa,
175 - 00144
ROMA(Roma)","Viale Europa,
175 - 00144
ROMA(Roma)",g) vendita a clienti liberi dell'energia elettrica
"POWER ENERGIA
 Societa cooperativa a responsabilità limitata (S.c.r.l.)
 P.IVA 02709221200
 C.F. 02709221200
 Anno di costituzione 2006",,,"Via Via Calzoni,
1/3 - 40128
BOLOGNA(Bologna)","Via Via Dell'Arrigoni,
60 - 47023
CESENA(Forlì-Cesena)","g) vendita a clienti liberi dell'energia elettrica 
 h) vendita a clienti tutelati dell'energia elettrica"
"PROMETEO S.P.A.
 Società per azioni (S.p.a.)
 P.IVA 02089000422
 C.F. 02089000422
 Anno di costituzione 2001",info@prometeoenergia.it,www.prometeoenergia.it,"Via VIA ADRIATICA 2 S.S. 16 KM 309,
2 - 60027
OSIMO(Ancona)","Via VIA ADRIATICA 2 S.S. 16 KM 309,
2 - 60027
OSIMO(Ancona)","f) acquisto e vendita all'ingrosso dell'energia elettrica
 g) vendita a clienti liberi dell'energia elettrica 
 h) vendita a clienti tutelati dell'energia elettrica 
 r) acquisto e vendita all'ingrosso del gas naturale
 s) vendita a clienti finali del gas naturale"
"RESS SRL
 Società a responsabilita limitata (S.r.l.)
 P.IVA 01597940160
 C.F. 01597940160
 Anno di costituzione 2000",,,"Via Via Serassi,
21 - 24124
BERGAMO(Bergamo)","Via Via Serassi,
21 - 24124
BERGAMO(Bergamo)","g) vendita a clienti liberi dell'energia elettrica 
 s) vendita a clienti finali del gas naturale"
"Rinnovia s.r.l.
 Società a responsabilita limitata (S.r.l.)
 P.IVA 10162841000
 C.F. 10162841000
 Anno di costituzione 2008",info@rinnovia.it,www.rinnovia.it,"Via E. Maragliano,
32 - 00151
ROMA(Roma)","Via E. Maragliano,
32 - 00151
ROMA(Roma)","a) produzione dell'energia elettrica 
 e) misura dell'energia elettrica
 f) acquisto e vendita all'ingrosso dell'energia elettrica
 g) vendita a clienti liberi dell'energia elettrica 
 h) vendita a clienti tutelati dell'energia elettrica 
 i) attività elettriche estere"
"ROMA GAS S.R.L.
 Società a responsabilita limitata (S.r.l.)
 P.IVA 08395581005
 C.F. 08395581005
 Anno di costituzione 2005",romagas@romagas.it,www.romagas.it,"Via Via Clitunno ,
51 - 00198
ROMA(Roma)","Via Nomentana,
251 A - 00162
ROMA(Roma)","g) vendita a clienti liberi dell'energia elettrica 
 s) vendita a clienti finali del gas naturale"
"ROMAGNA ENERGIA SOC. CONS. PER AZIONI
 
 P.IVA 03104940402
 C.F. 03104940402
 Anno di costituzione 1999",,,"Via dell'Arrigoni,
60 - 47023
CESENA(Forlì-Cesena)","Via dell'Arrigoni,
60 - 47023
CESENA(Forlì-Cesena)","g) vendita a clienti liberi dell'energia elettrica 
 h) vendita a clienti tutelati dell'energia elettrica"
"RUZZO RETI SPA 
 Società per azioni (S.p.a.)
 P.IVA 01522960671
 C.F. 01522960671
 Anno di costituzione 2003",renato.francioni@ruzzo.it,www.ruzzo.it,"Via nNicola Dati,
18 - 64100
TERAMO(Teramo)","Via nNicola Dati,
18 - 64100
TERAMO(Teramo)","f) acquisto e vendita all'ingrosso dell'energia elettrica
 g) vendita a clienti liberi dell'energia elettrica"
"SAN MARCO ENERGIA
 S.r.l. unipersonale
 P.IVA 03488730270
 C.F. 03488730270
 Anno di costituzione 2003",ramirez@sanmarcoenergia.com,www.sanmarcoenergia.com,"Via VIA DELLE INDUSTRIE ,
17A - 30175
VENEZIA(Venezia)","Via dell'elettronica ,
2 - 30175
VENEZIA(Venezia)",g) vendita a clienti liberi dell'energia elettrica
"S.E.A. SERVIZI ENERGETICI S.R.L.
 Società a responsabilita limitata (S.r.l.)
 P.IVA 02090640422
 C.F. 02090640422
 Anno di costituzione 2001",,,"Via CIMABUE ,
1/3 - 60019
SENIGALLIA(Ancona)","Via CIMABUE ,
1/3 - 60019
SENIGALLIA(Ancona)","a) produzione dell'energia elettrica 
 g) vendita a clienti liberi dell'energia elettrica"
"SELTRADE SPA
 Società per azioni (S.p.a.)
 P.IVA 02345810218
 C.F. 02345810218
 Anno di costituzione 2003",info@seltrade.bz.it,,"Via Canonico Michael Gamper,
9 - 39100
Bolzano/Bozen(Bolzano/Bozen)","Via Canonico Michael Gamper,
9 - 39100
Bolzano/Bozen(Bolzano/Bozen)","f) acquisto e vendita all'ingrosso dell'energia elettrica
 g) vendita a clienti liberi dell'energia elettrica"
"SERVIZI INTEGRATI ENERGIA S.I.E. S.R.L.
 Società a responsabilita limitata (S.r.l.)
 P.IVA 03273880231
 C.F. 03273880231
 Anno di costituzione 2002",sie-ciocco@cisi.vr,,"Via Via Labriola,
1 - 37054
NOGARA(Verona)","Via Labriola,
1 - 37054
NOGARA(Verona)","g) vendita a clienti liberi dell'energia elettrica 
 s) vendita a clienti finali del gas naturale"
"SERVIZI POLIFUNZIONALI ECOSOSTENIBILI GIOIA S.P.A. IN SIGLA S.P.E.S. GIOIA S.P.A.
 Società per azioni (S.p.a.)
 P.IVA 06245760720
 C.F. 06245760720
 Anno di costituzione 2010",,,"Via  VIA GABRIELE D'ANNUNZIO ,
76/78 - 70023
GIOIA DEL COLLE(Bari)","Via  VIA GABRIELE D'ANNUNZIO ,
76/78 - 70023
GIOIA DEL COLLE(Bari)","a) produzione dell'energia elettrica 
 g) vendita a clienti liberi dell'energia elettrica"
"SERVIZI UNINDUSTRIA MULTIUTILITIES S.R.L.
 Società a responsabilita limitata (S.r.l.)
 P.IVA 03649070269
 C.F. 03649070269
 Anno di costituzione 2001",,,"Via Via Martiri della Libertà ,
28 - 31100
TREVISO(Treviso)","Via Via Martiri della Libertà ,
28 - 31100
TREVISO(Treviso)","f) acquisto e vendita all'ingrosso dell'energia elettrica
 g) vendita a clienti liberi dell'energia elettrica"
"SGR SERVIZI S.P.A.
 Società per azioni (S.p.a.)
 P.IVA 00338000409
 C.F. 00338000409
 Anno di costituzione 2001",gasrimini@gasrimini.it,www.gasrimini.it,"Via via Chiabrera ,
34/B - 47900
RIMINI(Rimini)","Via via Chiabrera ,
34/B - 47900
RIMINI(Rimini)","g) vendita a clienti liberi dell'energia elettrica 
 s) vendita a clienti finali del gas naturale
 trasporto, distribuzione e vendita di energia termica"
"SI(E)NERGIA S.P.A.
 Società per azioni (S.p.a.)
 P.IVA 01175590544
 C.F. 01175590544
 Anno di costituzione 1980",info@sienergiaspa.it,www.sienergiaspa.it,"Via Via F.lli Cairoli,
24 - 06125
PERUGIA(Perugia)","Via Via F.lli Cairoli,
24 - 06125
PERUGIA(Perugia)","f) acquisto e vendita all'ingrosso dell'energia elettrica
 g) vendita a clienti liberi dell'energia elettrica 
 p) distribuzione del gas naturale
 q) misura del gas naturale"
"SIME-COMM SRL  SERVIZI ENERGIA
 Società a responsabilita limitata (S.r.l.)
 P.IVA 01274520194
 C.F. 01274520194
 Anno di costituzione 2002",federicobonaventura@simecrema.it,www.simecrema.it,"Piazza Piazza Benvenuti,
11 - 26013
CREMA(Cremona)","Piazza Piazza Benvenuti,
11 - 26013
CREMA(Cremona)","g) vendita a clienti liberi dell'energia elettrica 
 s) vendita a clienti finali del gas naturale"
"SINERGAS SPA
 Società per azioni (S.p.a.)
 P.IVA 01877220366
 C.F. 01877220366
 Anno di costituzione 1989",info@sinergas.it,www.sinergas.it,"Via San Bernardino Realino,
4 - 41012
MIRANDOLA(Modena)","Via San Bernardino Realino,
4 - 41012
MIRANDOLA(Modena)","f) acquisto e vendita all'ingrosso dell'energia elettrica
 g) vendita a clienti liberi dell'energia elettrica 
 r) acquisto e vendita all'ingrosso del gas naturale
 s) vendita a clienti finali del gas naturale"
"SOCIETÀ COOPERATIVA IDROELETTRICA DI FORNI DI SOPRA
 Societa cooperativa a responsabilità limitata (S.c.r.l.)
 P.IVA 00186960308
 C.F. 00186960308
 Anno di costituzione 1975",info@sci-forni.it,www.sci-forni.it,"Via Via Nazionale Loc. Santaviela,
12 - 33024
FORNI DI SOPRA(Udine)","Via Via Nazionale Loc. Santaviela,
12 - 33024
FORNI DI SOPRA(Udine)","a) produzione dell'energia elettrica 
 d) distribuzione dell'energia elettrica 
 e) misura dell'energia elettrica
 g) vendita a clienti liberi dell'energia elettrica 
 h) vendita a clienti tutelati dell'energia elettrica"
"SOCIETA ENERGIA ITALIA SRL
 Società a responsabilita limitata (S.r.l.)
 P.IVA 01928010683
 C.F. 01928010683
 Anno di costituzione 2010",sei@societaenergiaitalia.com,http://www.societaenergiaitalia.com,"Piazza Garibaldi,
35 - 65126
PESCARA(Pescara)","Piazza Garibaldi,
35 - 65126
PESCARA(Pescara)",g) vendita a clienti liberi dell'energia elettrica
"SOCIETA' SERVIZI ENERGIA S.R.L.
 Società a responsabilita limitata (S.r.l.)
 P.IVA 02981930247
 C.F. 02981930247
 Anno di costituzione 2002",segreteria@ssenergia.com,www.ssenergia.com,"Piazza RISORGIVE,
31 - 36040
VICENZA(Vicenza)","Piazza Dei Giacinti,
14/6 - 41100
MODENA(Modena)","g) vendita a clienti liberi dell'energia elettrica 
 s) vendita a clienti finali del gas naturale
 altro"
"SOENERGY S.R.L.
 Società a responsabilita limitata (S.r.l.)
 P.IVA 01565370382
 C.F. 01565370382
 Anno di costituzione 2002",albieri@soenergy.it,www.soelia.it/gruppo/soenergy.html,"Via VIA PIETRO VIANELLI,
1 - 44011
ARGENTA(Ferrara)","Via VIA PIETRO VIANELLI,
1 - 44011
ARGENTA(Ferrara)","f) acquisto e vendita all'ingrosso dell'energia elettrica
 g) vendita a clienti liberi dell'energia elettrica 
 r) acquisto e vendita all'ingrosso del gas naturale
 s) vendita a clienti finali del gas naturale"
"SO.MET. ENERGIA S.R.L.
 Società a responsabilita limitata (S.r.l.)
 P.IVA 01287460057
 C.F. 01287460057
 Anno di costituzione 2001",bbrochetto@sometgas.com,,"Via Via G. Testore,
12 - 14055
COSTIGLIOLE D'ASTI(Asti)","Via Via G. Testore,
12 - 14055
COSTIGLIOLE D'ASTI(Asti)","g) vendita a clienti liberi dell'energia elettrica 
 h) vendita a clienti tutelati dell'energia elettrica 
 s) vendita a clienti finali del gas naturale"
"Sorgea Energia Srl
 Società a responsabilita limitata (S.r.l.)
 P.IVA 02822550360
 C.F. 02822550360
 Anno di costituzione 2002",amministrazione@sorgeaenergia.it,www.sorgeaenergia.it,"Piazza VERDI,
6 - 41034
FINALE EMILIA(Modena)","Piazza bricci,
2 - 41034
FINALE EMILIA(Modena)","g) vendita a clienti liberi dell'energia elettrica 
 s) vendita a clienti finali del gas naturale"
"SORGENIA S.P.A. 
 Società per azioni (S.p.a.)
 P.IVA 12874490159
 C.F. 07756640012
 Anno di costituzione 1999",info@sorgenia.it,www.sorgenia.it,"Via Via Ciovassino,
1 - 20121
MILANO(Milano)","Via Vincenzo Viviani,
12 - 20124
MILANO(Milano)","a) produzione dell'energia elettrica 
 f) acquisto e vendita all'ingrosso dell'energia elettrica
 g) vendita a clienti liberi dell'energia elettrica 
 r) acquisto e vendita all'ingrosso del gas naturale
 s) vendita a clienti finali del gas naturale
 altro"
"SPIENERGY
 Società a responsabilita limitata (S.r.l.)
 P.IVA 01294820111
 C.F. 01294820111
 Anno di costituzione 2009",info@spienergysrl.com,,"PIAZZALE KENNEDY,
27 - 19100
LA SPEZIA(La Spezia)","PIAZZALE KENNEDY,
27 - 19100
LA SPEZIA(La Spezia)","f) acquisto e vendita all'ingrosso dell'energia elettrica
 g) vendita a clienti liberi dell'energia elettrica"
"TASSULLO ENERGIA TRADING S.r.l. - T.E.T. S.r.l.
 Società a responsabilita limitata (S.r.l.)
 P.IVA 01863660229
 C.F. 01863660229
 Anno di costituzione 2004",,,"Via Via Nazionale,
157 - 38010
TASSULLO(Trento)","Via Via Nazionale,
157 - 38010
TASSULLO(Trento)",g) vendita a clienti liberi dell'energia elettrica
"TEAENERGIA S.R.L
 Società a responsabilita limitata (S.r.l.)
 P.IVA 02125710208
 C.F. 02125710208
 Anno di costituzione 2005",fabrizio.soliani@teaspa.it,www.teaspa.it,"Via Taliercio,
3 - 46100
MANTOVA(Mantova)","Via Taliercio,
3 - 46100
MANTOVA(Mantova)","f) acquisto e vendita all'ingrosso dell'energia elettrica
 g) vendita a clienti liberi dell'energia elettrica 
 r) acquisto e vendita all'ingrosso del gas naturale
 s) vendita a clienti finali del gas naturale
 trasporto, distribuzione e vendita di energia termica"
"TECNOENERGIA S.C.P.A.
 Società consortile per azioni
 P.IVA 03200340960
 C.F. 03200340960
 Anno di costituzione 2001",,,"Via DONATORI DI SANGUE,
6/D - 25050
PADERNO FRANCIACORTA(Brescia)","Via DONATORI DI SANGUE,
6/D - 25050
PADERNO FRANCIACORTA(Brescia)","f) acquisto e vendita all'ingrosso dell'energia elettrica
 g) vendita a clienti liberi dell'energia elettrica 
 r) acquisto e vendita all'ingrosso del gas naturale
 s) vendita a clienti finali del gas naturale"
"TEI S.P.A.
 Società per azioni (S.p.a.)
 P.IVA 13404460159
 C.F. 13404460159
 Anno di costituzione 2005",,,"Via Via Stendhal,
63 - 20144
MILANO(Milano)","Via Stendhal,
63 - 20144
MILANO(Milano)","f) acquisto e vendita all'ingrosso dell'energia elettrica
 g) vendita a clienti liberi dell'energia elettrica"
"TELENERGIA S.R.L.
 Società a responsabilita limitata (S.r.l.)
 P.IVA 07266681001
 C.F. 07266681001
 Anno di costituzione 2002",telenergia@virgilio.it,,"Corso Corso d'Italia,
41 - 00198
ROMA(Roma)","Corso Corso d'Italia,
41 - 00198
ROMA(Roma)",g) vendita a clienti liberi dell'energia elettrica
"TERMOINDUSTRIALE S.P.A.
 Società per azioni (S.p.a.)
 P.IVA 00292640042
 C.F. 00292640042
 Anno di costituzione 1964",ti@termoindustriale.it,www.termoindustriale.it,"Strada Strada Statale 231 ,
80/D - 12069
SANTA VITTORIA D'ALBA(Cuneo)","Strada Strada Statale 231 ,
80/D - 12069
SANTA VITTORIA D'ALBA(Cuneo)",g) vendita a clienti liberi dell'energia elettrica
"TERRITORIO ENERGIA AMBIENTE SPA
 Società per azioni (S.p.a.)
 P.IVA 01838280202
 C.F. 01838280202
 Anno di costituzione 1998",,WWW.TEASPA.IT,"Via VIA TALIERCIO,
3 - 46100
MANTOVA(Mantova)","Via VIA TALIERCIO,
3 - 46100
MANTOVA(Mantova)","a) produzione dell'energia elettrica 
 g) vendita a clienti liberi dell'energia elettrica 
 p) distribuzione del gas naturale
 s) vendita a clienti finali del gas naturale
 attività non riconducibili ai settori dell'energia elettrica e del gas
 servizi prestati ad altre imprese ed enti, inclusi quelli prestati ad imprese rientranti nei settori del gas naturale e dell'energia elettrica (comma 26.2, lettera b) TIU)
 proprietari non utilizzatori di immobilizzazioni (art. 17 TIU)"
"TERRITORIO SVILUPPO & SINERGIE S.R.L.
 Società a responsabilita limitata (S.r.l.)
 P.IVA 03401210160
 C.F. 03401210160
 Anno di costituzione 2007",,,"Via Locatelli,
20 - 24050
ORIO AL SERIO(Bergamo)","Via Locatelli,
20 - 24050
ORIO AL SERIO(Bergamo)","g) vendita a clienti liberi dell'energia elettrica 
 s) vendita a clienti finali del gas naturale"
"TIRRENO POWER
 Società per azioni (S.p.a.)
 P.IVA 07242841000
 C.F. 07242841000
 Anno di costituzione 2002",info@tirrenopower.com,www.tirrenopower.com,"Via Via Barberini ,
47 - 00187
ROMA(Roma)","Via Via Barberini ,
47 - 00187
ROMA(Roma)","a) produzione dell'energia elettrica 
 g) vendita a clienti liberi dell'energia elettrica"
"TIWAG-ITALIA S.R.L.
 Società a responsabilita limitata (S.r.l.)
 P.IVA 02359610215
 C.F. 02359610215
 Anno di costituzione 2003",cosmo.bisceglie@tiwagitalia.it,www.tiwagitalia.it,"Via Via dei Conciapelli,
60 - 39100
Bolzano/Bozen(Bolzano/Bozen)","Via Via dei Conciapelli,
60 - 39100
Bolzano/Bozen(Bolzano/Bozen)","f) acquisto e vendita all'ingrosso dell'energia elettrica
 g) vendita a clienti liberi dell'energia elettrica"
"TRADECOM S.R.L.
 Società a responsabilita limitata (S.r.l.)
 P.IVA 05247771008
 C.F. 05247771008
 Anno di costituzione 1997",tradecom@confcommercio.it,,"Piazza Piazza G.G. Belli ,
2 - 00153
ROMA(Roma)","Piazza Piazza G. G. Belli,
2 - 00153
ROMA(Roma)","g) vendita a clienti liberi dell'energia elettrica 
 h) vendita a clienti tutelati dell'energia elettrica"
"Transenergia 
 Società a responsabilita limitata (S.r.l.)
 P.IVA 08528090015
 C.F. 08528090015
 Anno di costituzione 2002",,,"Via Piffetti,
15 - 10143
TORINO(Torino)","Via Piffetti,
15 - 10143
TORINO(Torino)",g) vendita a clienti liberi dell'energia elettrica
"TRENTA S.P.A.
 Società per azioni (S.p.a.)
 P.IVA 01812630224
 C.F. 01812630224
 Anno di costituzione 2002",,,"Via via Fersina,
23 - 38100
TRENTO(Trento)","Via via Fersina,
23 - 38100
TRENTO(Trento)","f) acquisto e vendita all'ingrosso dell'energia elettrica
 g) vendita a clienti liberi dell'energia elettrica 
 h) vendita a clienti tutelati dell'energia elettrica 
 r) acquisto e vendita all'ingrosso del gas naturale
 s) vendita a clienti finali del gas naturale"
"TRENTINO ENERGIA S.R.L.
 Società per azioni (S.p.a.)
 P.IVA 01272340223
 C.F. 01272340223
 Anno di costituzione 1989",ufficio.operativo@trentinoenergia.it,http://www.trentinoenergia.it,"Via Brennero,
171/18 - 38121
TRENTO(Trento)","Via Brennero,
171/18 - 38121
TRENTO(Trento)","f) acquisto e vendita all'ingrosso dell'energia elettrica
 g) vendita a clienti liberi dell'energia elettrica 
 r) acquisto e vendita all'ingrosso del gas naturale
 s) vendita a clienti finali del gas naturale"
"UMBRIA ENERGY S.P.A.
 Società per azioni (S.p.a.)
 P.IVA 01313790550
 C.F. 01313790550
 Anno di costituzione 2004",info@umbriaenergy.it,,"Via Via Bruno Capponi,
100 - 05100
TERNI(Terni)","Via Via Bruno Capponi,
100 - 05100
TERNI(Terni)","f) acquisto e vendita all'ingrosso dell'energia elettrica
 g) vendita a clienti liberi dell'energia elettrica 
 h) vendita a clienti tutelati dell'energia elettrica 
 r) acquisto e vendita all'ingrosso del gas naturale
 s) vendita a clienti finali del gas naturale"
"UNI.CO.GE. SRL
 Società a responsabilita limitata (S.r.l.)
 P.IVA 03237330232
 C.F. 03237330232
 Anno di costituzione 2002",info@unicoge.it,www.unicoge.it,"Piazza P.zza Costituzione ,
4 - 37047
SAN BONIFACIO(Verona)","Piazza P.zza Costituzione ,
4 - 37047
SAN BONIFACIO(Verona)","g) vendita a clienti liberi dell'energia elettrica 
 h) vendita a clienti tutelati dell'energia elettrica 
 s) vendita a clienti finali del gas naturale"
"UNOGAS ENERGIA SPA
 Società per azioni (S.p.a.)
 P.IVA 01368720080
 C.F. 01368720080
 Anno di costituzione 2004",MAIL@UNOGAS.IT,WWW.UNOGAS.IT,"Via VIA DON ABBO ,
12 - 18100
IMPERIA(Imperia)","Via PERIANE,
21 - 18018
TAGGIA(Imperia)","g) vendita a clienti liberi dell'energia elettrica 
 r) acquisto e vendita all'ingrosso del gas naturale
 s) vendita a clienti finali del gas naturale"
"UNOGAS TOSCANA SRL
 Società a responsabilita limitata (S.r.l.)
 P.IVA 01503830497
 C.F. 01503830497
 Anno di costituzione 2005",,,"Corso BUENOS AYRES ,
6 - 16129
GENOVA(Genova)","Via DELLE CATERATTE ,
77 - 57122
LIVORNO(Livorno)","g) vendita a clienti liberi dell'energia elettrica 
 s) vendita a clienti finali del gas naturale"
"UTILITA'
 Società per azioni (S.p.a.)
 P.IVA 13083740152
 C.F. 13083740152
 Anno di costituzione 2000",servizi@utilita.com,www.utilita.com,"Via VIA ANTONIO CANOVA,
19 - 20145
MILANO(Milano)","Via VIA ANTONIO CANOVA,
19 - 20145
MILANO(Milano)","f) acquisto e vendita all'ingrosso dell'energia elettrica
 g) vendita a clienti liberi dell'energia elettrica 
 r) acquisto e vendita all'ingrosso del gas naturale
 s) vendita a clienti finali del gas naturale"
"VALLE CAMONICA SERVIZI VENDITE S.P.A.
 Società per azioni (S.p.a.)
 P.IVA 02349420980
 C.F. 02349420980
 Anno di costituzione 2002",info@vallecamonicaservizi.it,www.vallecamonicaservizi.it,"Via VIA M. RIGAMONTI N. 65,
65 - 25047
DARFO BOARIO TERME(Brescia)","Via VIA M. RIGAMONTI N. 65,
65 - 25047
DARFO BOARIO TERME(Brescia)","g) vendita a clienti liberi dell'energia elettrica 
 s) vendita a clienti finali del gas naturale"
"Veronagest Energy S.r.l.
 Società a responsabilita limitata (S.r.l.)
 P.IVA 03793320239
 C.F. 03793320239
 Anno di costituzione 2008",a.nobili@veronagest.com,,"Piazza Cittadella ,
3 - 37122
VERONA(Verona)","Piazza Cittadella ,
3 - 37122
VERONA(Verona)","f) acquisto e vendita all'ingrosso dell'energia elettrica
 g) vendita a clienti liberi dell'energia elettrica"
"VISITEL 
 Società a responsabilita limitata (S.r.l.)
 P.IVA 02122720200
 C.F. 02122720200
 Anno di costituzione 2005",info@visitel.it,www.visitel.it,"Piazza Veronesi,
7 - 46019
VIADANA(Mantova)","Piazza Veronesi,
7 - 46019
VIADANA(Mantova)",g) vendita a clienti liberi dell'energia elettrica
"VOGHERA ENERGIA VENDITA
 Società per azioni (S.p.a.)
 P.IVA 02104880188
 C.F. 02104880188
 Anno di costituzione 2005",torlaschif@asmvoghera.it,www.vogheraenergiavendita.it,"Via Gramsci,
1 - 27058
VOGHERA(Pavia)","Via Gramsci,
1 - 27058
VOGHERA(Pavia)","f) acquisto e vendita all'ingrosso dell'energia elettrica
 g) vendita a clienti liberi dell'energia elettrica 
 r) acquisto e vendita all'ingrosso del gas naturale
 s) vendita a clienti finali del gas naturale"
"WIND FARM TRADING S.R.L.
 Società a responsabilita limitata (S.r.l.)
 P.IVA 03366260713
 C.F. 03366260713
 Anno di costituzione 2004",,,"Via Via Uberti,
14 - 47023
CESENA(Forlì-Cesena)","Via Via dell'Arrigoni,
60 - 47023
CESENA(Forlì-Cesena)","g) vendita a clienti liberi dell'energia elettrica 
 h) vendita a clienti tutelati dell'energia elettrica"
"WORLDENERGY ITALIA SRL
 Società a responsabilita limitata (S.r.l.)
 P.IVA 04497820961
 C.F. 04497820961
 Anno di costituzione 2004",administration@wdenergy.com,,"Via Largo Donegani ,
2 - 20121
MILANO(Milano)","Via Largo Donegani ,
2 - 20121
MILANO(Milano)","f) acquisto e vendita all'ingrosso dell'energia elettrica
 g) vendita a clienti liberi dell'energia elettrica 
 r) acquisto e vendita all'ingrosso del gas naturale
 s) vendita a clienti finali del gas naturale"
"Youtrade
 Società per azioni (S.p.a.)
 P.IVA 03525310169
 C.F. 03525310169
 Anno di costituzione 2008",info@innowatio.it,www.innowatio.it,"Via Stezzano c/o Parco Scientifico Tecnologico Kilometro Rosso,
  - 24100
BERGAMO(Bergamo)","Via Padre C. Elzi, 28/a,
  - 24050
GRASSOBBIO(Bergamo)","f) acquisto e vendita all'ingrosso dell'energia elettrica
 g) vendita a clienti liberi dell'energia elettrica 
 r) acquisto e vendita all'ingrosso del gas naturale
 altro"
